Course,Institution,Link,GoogleMaps
Acupuntura,Instituto Politécnico da Lusofonia - Escola Superior de Saúde Ribeiro Sanches,detcursopi.asp?codc=L160&code=4614,http://maps.google.pt/maps?z=20&t=k&q=loc:38.74674+-9.100184
Administração e Gestão de Empresas,Universidade Católica Portuguesa - Faculdade de Ciências Económicas e Empresariais,detcursopi.asp?codc=9059&code=2270,
Administração e Gestão de Empresas - Licenciatura Internacional,Universidade Católica Portuguesa - Faculdade de Ciências Económicas e Empresariais,detcursopi.asp?codc=L149&code=2270,
Administração Pública,Universidade de Aveiro,detcursopi.asp?codc=9002&code=0300,http://maps.google.pt/maps?z=20&t=k&q=loc:40.63118+-8.657394
Administração Pública,Universidade de Coimbra - Faculdade de Direito,detcursopi.asp?codc=9002&code=0502,http://maps.google.pt/maps?z=20&t=k&q=loc:40.20785+-8.425645
Administração Pública,Universidade de Lisboa - Instituto Superior de Ciências Sociais e Políticas,detcursopi.asp?codc=9002&code=1516,http://maps.google.pt/maps?z=20&t=k&q=loc:38.71306+-9.198223
Administração Pública,Universidade do Minho,detcursopi.asp?codc=9002&code=1000,http://maps.google.pt/maps?z=20&t=k&q=loc:41.33284+-8.253481
Administração Pública,Instituto Politécnico de Castelo Branco - Escola Superior de Gestão de Idanha-a-Nova,detcursopi.asp?codc=9002&code=3054,http://maps.google.pt/maps?z=20&t=k&q=loc:39.9225+-7.242491
Administração Pública,Instituto Politécnico de Leiria - Escola Superior de Tecnologia e Gestão,detcursopi.asp?codc=9002&code=3102,http://maps.google.pt/maps?z=20&t=k&q=loc:39.73444+-8.821389
Administração Pública (regime pós-laboral),Universidade de Lisboa - Instituto Superior de Ciências Sociais e Políticas,detcursopi.asp?codc=8102&code=1516,http://maps.google.pt/maps?z=20&t=k&q=loc:38.71306+-9.198223
Administração Pública e Políticas do Território (regime pós-laboral),Universidade de Lisboa - Instituto Superior de Ciências Sociais e Políticas,detcursopi.asp?codc=8363&code=1516,http://maps.google.pt/maps?z=20&t=k&q=loc:38.71306+-9.198223
Administração de Publicidade e Marketing,"Instituto Politécnico de Portalegre - Escola Superior de Tecnologia, Gestão e Design",detcursopi.asp?codc=9670&code=3124,http://maps.google.pt/maps?z=20&t=k&q=loc:39.26868+-7.4425
Agronomia,Universidade do Algarve - Faculdade de Ciências e Tecnologia,detcursopi.asp?codc=9003&code=0203,http://maps.google.pt/maps?z=20&t=k&q=loc:37.04408+-7.972222
Agronomia,Universidade de Évora - Escola de Ciências e Tecnologia,detcursopi.asp?codc=9003&code=0602,http://maps.google.pt/maps?z=20&t=k&q=loc:38.56832+-7.910306
Agronomia,Universidade de Trás-os-Montes e Alto Douro - Escola de Ciências Agrárias e Veterinárias,detcursopi.asp?codc=9003&code=1201,http://maps.google.pt/maps?z=20&t=k&q=loc:41.28739+-7.738986
Agronomia,Instituto Politécnico de Beja - Escola Superior Agrária,detcursopi.asp?codc=9003&code=3021,http://maps.google.pt/maps?z=20&t=k&q=loc:38.01277+-7.872949
Agronomia,Instituto Politécnico de Castelo Branco - Escola Superior Agrária de Castelo Branco,detcursopi.asp?codc=9003&code=3051,http://maps.google.pt/maps?z=20&t=k&q=loc:39.82086+-7.46249
Agronomia,Instituto Politécnico de Coimbra - Escola Superior Agrária de Coimbra,detcursopi.asp?codc=9003&code=3061,http://maps.google.pt/maps?z=20&t=k&q=loc:40.21421+-8.450982
Agronomia,Instituto Politécnico de Portalegre - Escola Superior de Biociências de Elvas,detcursopi.asp?codc=9003&code=3125,http://maps.google.pt/maps?z=20&t=k&q=loc:38.8809+-7.167167
Agronomia,Instituto Politécnico de Santarém - Escola Superior Agrária de Santarém,detcursopi.asp?codc=9003&code=3141,http://maps.google.pt/maps?z=20&t=k&q=loc:39.24965+-8.697347
Agronomia,Instituto Politécnico de Viana do Castelo - Escola Superior Agrária,detcursopi.asp?codc=9003&code=3161,http://maps.google.pt/maps?z=20&t=k&q=loc:41.79271+-8.54231
Agronomia (regime pós-laboral),Instituto Politécnico de Santarém - Escola Superior Agrária de Santarém,detcursopi.asp?codc=8419&code=3141,http://maps.google.pt/maps?z=20&t=k&q=loc:39.24965+-8.697347
Animação e Criação Visual,Universidade Europeia,detcursopi.asp?codc=L220&code=4350,http://maps.google.pt/maps?z=20&t=k&q=loc:38.77668+-9.193758
Animação Desportiva e Turismo Ativo,Instituto Politécnico de Viana do Castelo - Escola Superior de Desporto e Lazer,detcursopi.asp?codc=L375&code=3165,http://maps.google.pt/maps?z=20&t=k&q=loc:42.11456+-8.257095
Animação Global,Universidade Europeia,detcursopi.asp?codc=L351&code=4350,http://maps.google.pt/maps?z=20&t=k&q=loc:38.77668+-9.193758
Animação e Produção Artística,Instituto Politécnico de Bragança - Escola Superior de Educação de Bragança,detcursopi.asp?codc=9933&code=3042,http://maps.google.pt/maps?z=20&t=k&q=loc:41.7977+-6.7672
Animação Sociocultural,Universidade de Trás-os-Montes e Alto Douro - Escola de Ciências Humanas e Sociais,detcursopi.asp?codc=9005&code=1202,http://maps.google.pt/maps?z=20&t=k&q=loc:41.28739+-7.738986
Animação Sociocultural,"Instituto Politécnico da Guarda - Escola Superior de Educação, Comunicação e Desporto",detcursopi.asp?codc=9005&code=3091,http://maps.google.pt/maps?z=20&t=k&q=loc:40.54139+-7.28329
Animação Sociocultural,Instituto Politécnico de Lisboa - Escola Superior de Educação,detcursopi.asp?codc=9005&code=3112,http://maps.google.pt/maps?z=20&t=k&q=loc:38.74616+-9.195106
Animação Sociocultural,Instituto Politécnico de Setúbal - Escola Superior de Educação,detcursopi.asp?codc=9005&code=3151,http://maps.google.pt/maps?z=20&t=k&q=loc:38.51978+-8.838278
Animação Sociocultural,ISCE - Instituto Superior de Lisboa e Vale do Tejo,detcursopi.asp?codc=9005&code=4270,http://maps.google.pt/maps?z=20&t=k&q=loc:38.8064+-9.191853
Animação Socioeducativa,Instituto Politécnico de Coimbra - Escola Superior de Educação de Coimbra,detcursopi.asp?codc=9675&code=3062,http://maps.google.pt/maps?z=20&t=k&q=loc:40.20522+-8.405957
Animação Socioeducativa (regime pós-laboral),Instituto Politécnico de Coimbra - Escola Superior de Educação de Coimbra,detcursopi.asp?codc=8093&code=3062,http://maps.google.pt/maps?z=20&t=k&q=loc:40.20522+-8.405957
Animação Turística,Instituto Politécnico de Leiria - Escola Superior de Turismo e Tecnologia do Mar,detcursopi.asp?codc=9848&code=3105,http://maps.google.pt/maps?z=20&t=k&q=loc:39.36472+-9.403056
Antropologia,ISCTE - Instituto Universitário de Lisboa,detcursopi.asp?codc=9448&code=6800,http://maps.google.pt/maps?z=20&t=k&q=loc:38.74875+-9.153692
Antropologia,Universidade de Coimbra - Faculdade de Ciências e Tecnologia,detcursopi.asp?codc=9448&code=0501,http://maps.google.pt/maps?z=20&t=k&q=loc:40.18623+-8.412266
Antropologia,Universidade de Lisboa - Instituto Superior de Ciências Sociais e Políticas,detcursopi.asp?codc=9448&code=1516,http://maps.google.pt/maps?z=20&t=k&q=loc:38.71306+-9.198223
Antropologia,Universidade Nova de Lisboa - Faculdade de Ciências Sociais e Humanas,detcursopi.asp?codc=9448&code=0902,http://maps.google.pt/maps?z=20&t=k&q=loc:38.74025+-9.151129
Arqueologia,Universidade de Coimbra - Faculdade de Letras,detcursopi.asp?codc=9006&code=0505,http://maps.google.pt/maps?z=20&t=k&q=loc:40.20647+-8.428684
Arqueologia,Universidade de Lisboa - Faculdade de Letras,detcursopi.asp?codc=9006&code=1506,http://maps.google.pt/maps?z=20&t=k&q=loc:38.75359+-9.157651
Arqueologia,Universidade do Minho,detcursopi.asp?codc=9006&code=1000,http://maps.google.pt/maps?z=20&t=k&q=loc:41.33284+-8.253481
Arqueologia,Universidade Nova de Lisboa - Faculdade de Ciências Sociais e Humanas,detcursopi.asp?codc=9006&code=0902,http://maps.google.pt/maps?z=20&t=k&q=loc:38.74025+-9.151129
Arqueologia,Universidade do Porto - Faculdade de Letras,detcursopi.asp?codc=9006&code=1107,http://maps.google.pt/maps?z=20&t=k&q=loc:41.15155+-8.63262
Arquitetura,ISCTE - Instituto Universitário de Lisboa,detcursopi.asp?codc=9257&code=6800,http://maps.google.pt/maps?z=20&t=k&q=loc:38.74875+-9.153692
Arquitetura,Universidade da Beira Interior,detcursopi.asp?codc=9257&code=0400,http://maps.google.pt/maps?z=20&t=k&q=loc:40.27736+-7.508574
Arquitetura,Universidade de Coimbra - Faculdade de Ciências e Tecnologia,detcursopi.asp?codc=9257&code=0501,http://maps.google.pt/maps?z=20&t=k&q=loc:40.18623+-8.412266
Arquitetura,Universidade de Évora - Escola de Artes,detcursopi.asp?codc=9257&code=0603,http://maps.google.pt/maps?z=20&t=k&q=loc:38.56902+-7.911873
Arquitetura,Universidade de Lisboa - Faculdade de Arquitetura,detcursopi.asp?codc=9257&code=1501,http://maps.google.pt/maps?z=20&t=k&q=loc:38.71291+-9.193281
Arquitetura,Universidade de Lisboa - Instituto Superior Técnico,detcursopi.asp?codc=9257&code=1518,http://maps.google.pt/maps?z=20&t=k&q=loc:38.73688+-9.13691
Arquitetura,Universidade do Minho,detcursopi.asp?codc=9257&code=1000,http://maps.google.pt/maps?z=20&t=k&q=loc:41.33284+-8.253481
Arquitetura,Universidade do Porto - Faculdade de Arquitetura,detcursopi.asp?codc=9257&code=1102,http://maps.google.pt/maps?z=20&t=k&q=loc:41.14992+-8.63601
Arquitetura,Escola Superior Artística do Porto,detcursopi.asp?codc=9257&code=4010,
Arquitetura,Instituto Superior Manuel Teixeira Gomes,detcursopi.asp?codc=9257&code=4375,http://maps.google.pt/maps?z=20&t=k&q=loc:37.14078+-8.535942
Arquitetura,Universidade Autónoma de Lisboa Luís de Camões,detcursopi.asp?codc=9257&code=2100,http://maps.google.pt/maps?z=20&t=k&q=loc:38.72433+-9.14589
Arquitetura,Universidade Fernando Pessoa,detcursopi.asp?codc=9257&code=2750,http://maps.google.pt/maps?z=20&t=k&q=loc:41.17292+-8.611185
Arquitetura,Universidade Lusíada - Centro Universitário Lusíada - Lisboa,detcursopi.asp?codc=9257&code=2410,http://maps.google.pt/maps?z=20&t=k&q=loc:38.69799+-9.192036
Arquitetura,Universidade Lusíada - Centro Universitário Lusíada - Norte - Porto,detcursopi.asp?codc=9257&code=2440,http://maps.google.pt/maps?z=20&t=k&q=loc:41.1687+-8.661802
Arquitetura,Universidade Lusíada - Centro Universitário Lusíada - Norte - Vila Nova de Famalicão,detcursopi.asp?codc=9257&code=2450,http://maps.google.pt/maps?z=20&t=k&q=loc:41.41021+-8.522896
Arquitetura Paisagista,Universidade do Algarve - Faculdade de Ciências e Tecnologia,detcursopi.asp?codc=8258&code=0203,http://maps.google.pt/maps?z=20&t=k&q=loc:37.04408+-7.972222
Arquitetura Paisagista,Universidade de Lisboa - Instituto Superior de Agronomia,detcursopi.asp?codc=8258&code=1515,http://maps.google.pt/maps?z=20&t=k&q=loc:38.70623+-9.182634
Arquitetura Paisagista,Universidade do Porto - Faculdade de Ciências,detcursopi.asp?codc=8258&code=1103,http://maps.google.pt/maps?z=20&t=k&q=loc:41.15242+-8.637816
Arquitetura e Urbanismo,Universidade Portucalense Infante D. Henrique,detcursopi.asp?codc=9507&code=2500,http://maps.google.pt/maps?z=20&t=k&q=loc:41.18032+-8.605047
Arte - Conservação e Restauro,Universidade Católica Portuguesa - Escola das Artes,detcursopi.asp?codc=9551&code=2265,
Arte e Design,Instituto Politécnico de Bragança - Escola Superior de Educação de Bragança,detcursopi.asp?codc=9898&code=3042,http://maps.google.pt/maps?z=20&t=k&q=loc:41.7977+-6.7672
Arte e Design,Instituto Politécnico de Coimbra - Escola Superior de Educação de Coimbra,detcursopi.asp?codc=9898&code=3062,http://maps.google.pt/maps?z=20&t=k&q=loc:40.20522+-8.405957
Arte Multimédia,Universidade de Lisboa - Faculdade de Belas-Artes,detcursopi.asp?codc=9904&code=1502,http://maps.google.pt/maps?z=20&t=k&q=loc:38.70903+-9.156942
Arte Multimédia,Universidade da Maia,detcursopi.asp?codc=9904&code=4630,http://maps.google.pt/maps?z=20&t=k&q=loc:41.26779+-8.617047
Artes e Cinema Digital,Instituto Politécnico de Viana do Castelo - Escola Superior de Educação,detcursopi.asp?codc=L284&code=3162,http://maps.google.pt/maps?z=20&t=k&q=loc:41.70303+-8.820739
Artes e Comunicação Multimédia,Universidade Lusíada - Centro Universitário Lusíada - Lisboa,detcursopi.asp?codc=L374&code=2410,http://maps.google.pt/maps?z=20&t=k&q=loc:38.69799+-9.192036
Artes Digitais e Multimédia,Escola Superior de Artes e Design,detcursopi.asp?codc=L170&code=4069,http://maps.google.pt/maps?z=20&t=k&q=loc:41.18464+-8.662266
Artes e Humanidades,Universidade de Lisboa - Faculdade de Letras,detcursopi.asp?codc=8413&code=1506,http://maps.google.pt/maps?z=20&t=k&q=loc:38.75359+-9.157651
Artes Performativas,Instituto Politécnico de Viseu - Escola Superior de Educação de Viseu,detcursopi.asp?codc=9681&code=3181,http://maps.google.pt/maps?z=20&t=k&q=loc:40.66005+-7.913927
Artes Plásticas,Universidade do Porto - Faculdade de Belas-Artes,detcursopi.asp?codc=9007&code=5402,http://maps.google.pt/maps?z=20&t=k&q=loc:41.14566+-8.600771
Artes Plásticas,Instituto Politécnico de Leiria - Escola Superior de Artes e Design,detcursopi.asp?codc=9007&code=3103,http://maps.google.pt/maps?z=20&t=k&q=loc:39.39528+-9.135278
Artes Plásticas e Intermédia,Escola Superior Artística do Porto,detcursopi.asp?codc=9682&code=4010,
Artes Plásticas e Multimédia,Universidade de Évora - Escola de Artes,detcursopi.asp?codc=9347&code=0603,http://maps.google.pt/maps?z=20&t=k&q=loc:38.56902+-7.911873
Artes Plásticas e Multimédia,Instituto Politécnico de Viseu - Escola Superior de Educação de Viseu,detcursopi.asp?codc=9347&code=3181,http://maps.google.pt/maps?z=20&t=k&q=loc:40.66005+-7.913927
Artes Plásticas e Tecnologias Artísticas,Instituto Politécnico de Viana do Castelo - Escola Superior de Educação,detcursopi.asp?codc=L122&code=3162,http://maps.google.pt/maps?z=20&t=k&q=loc:41.70303+-8.820739
Artes Visuais,Universidade do Algarve - Faculdade de Ciências Humanas e Sociais,detcursopi.asp?codc=9817&code=0201,http://maps.google.pt/maps?z=20&t=k&q=loc:37.04408+-7.972222
Artes Visuais,Universidade da Madeira - Faculdade de Artes e Humanidades,detcursopi.asp?codc=9817&code=1306,http://maps.google.pt/maps?z=20&t=k&q=loc:32.65928+-16.9251
Artes Visuais,Universidade do Minho,detcursopi.asp?codc=9817&code=1000,http://maps.google.pt/maps?z=20&t=k&q=loc:41.33284+-8.253481
Artes Visuais - Fotografia,Escola Superior Artística do Porto,detcursopi.asp?codc=9683&code=4010,
Artes Visuais e Tecnologias,Instituto Politécnico de Lisboa - Escola Superior de Educação,detcursopi.asp?codc=8307&code=3112,http://maps.google.pt/maps?z=20&t=k&q=loc:38.74616+-9.195106
Artes Visuais e Tecnologias Artísticas,Instituto Politécnico do Porto - Escola Superior de Educação,detcursopi.asp?codc=8264&code=3131,http://maps.google.pt/maps?z=20&t=k&q=loc:41.1799+-8.598137
Assessoria de Direção,Instituto Politécnico de Coimbra - Instituto Superior de Contabilidade e Administração de Coimbra,detcursopi.asp?codc=8276&code=3063,http://maps.google.pt/maps?z=20&t=k&q=loc:42.12346+-8.27082
Assessoria e Tradução,Instituto Politécnico do Porto - Instituto Superior de Contabilidade e Administração do Porto,detcursopi.asp?codc=9009&code=3134,http://maps.google.pt/maps?z=20&t=k&q=loc:41.18986+-8.598206
Assessoria e Tradução (regime pós-laboral),Instituto Politécnico do Porto - Instituto Superior de Contabilidade e Administração do Porto,detcursopi.asp?codc=9829&code=3134,http://maps.google.pt/maps?z=20&t=k&q=loc:41.18986+-8.598206
Atividade Física e Estilos de Vida Saudáveis,Instituto Politécnico de Santarém - Escola Superior de Desporto de Rio Maior,detcursopi.asp?codc=L008&code=3145,http://maps.google.pt/maps?z=20&t=k&q=loc:39.345+-8.933
Atividade Física e Estilos de Vida Saudáveis,Instituto Superior de Ciências Educativas do Douro,detcursopi.asp?codc=L008&code=4271,http://maps.google.pt/maps?z=20&t=k&q=loc:41.12039+-8.172403
Audiologia,Instituto Politécnico de Coimbra - Escola Superior de Tecnologia da Saúde de Coimbra,detcursopi.asp?codc=8141&code=7210,http://maps.google.pt/maps?z=20&t=k&q=loc:40.19915+-8.461344
Audiologia,Instituto Politécnico do Porto - Escola Superior de Saúde,detcursopi.asp?codc=8141&code=7230,http://maps.google.pt/maps?z=20&t=k&q=loc:41.17779+-8.60693
Audiovisual e Multimédia,Instituto Politécnico de Beja - Escola Superior de Educação,detcursopi.asp?codc=9010&code=3022,http://maps.google.pt/maps?z=20&t=k&q=loc:38.01385+-7.874671
Audiovisual e Multimédia,Instituto Politécnico de Lisboa - Escola Superior de Comunicação Social,detcursopi.asp?codc=9010&code=3113,http://maps.google.pt/maps?z=20&t=k&q=loc:38.74665+-9.19476
Automação e Sistemas Informáticos,Instituto Politécnico da Lusofonia - Escola Superior de Engenharia e Tecnologias,detcursopi.asp?codc=L332&code=4613,http://maps.google.pt/maps?z=20&t=k&q=loc:38.74674+-9.100184
Automação e Sistemas de Produção,"Universidade de Aveiro - Escola Superior de Design, Gestão e Tecnologia da Produção de Aveiro-Norte",detcursopi.asp?codc=L299&code=3014,http://maps.google.pt/maps?z=20&t=k&q=loc:40.86214+-8.476327
Banda Desenhada e Narrativas Gráficas,Escola Superior Artística do Porto,detcursopi.asp?codc=L356&code=4010,
Bioengenharia,Universidade do Algarve - Faculdade de Ciências e Tecnologia,detcursopi.asp?codc=9540&code=0203,http://maps.google.pt/maps?z=20&t=k&q=loc:37.04408+-7.972222
Bioengenharia,Universidade do Porto - Faculdade de Engenharia,detcursopi.asp?codc=9540&code=1105,http://maps.google.pt/maps?z=20&t=k&q=loc:41.1781+-8.598157
Bioengenharia,Universidade de Trás-os-Montes e Alto Douro - Escola de Ciências da Vida e do Ambiente,detcursopi.asp?codc=9540&code=1204,http://maps.google.pt/maps?z=20&t=k&q=loc:41.28739+-7.738986
Bioengenharia,Instituto Politécnico de Coimbra - Instituto Superior de Engenharia de Coimbra,detcursopi.asp?codc=9540&code=3064,http://maps.google.pt/maps?z=20&t=k&q=loc:40.1929+-8.412338
Bioengenharia,Universidade Católica Portuguesa - Escola Superior de Biotecnologia,detcursopi.asp?codc=9540&code=2210,http://maps.google.pt/maps?z=20&t=k&q=loc:41.15398+-8.673013
Bioinformática,Universidade do Porto - Faculdade de Ciências,detcursopi.asp?codc=9687&code=1103,http://maps.google.pt/maps?z=20&t=k&q=loc:41.15242+-8.637816
Bioinformática,Instituto Politécnico de Setúbal - Escola Superior de Tecnologia do Barreiro,detcursopi.asp?codc=9687&code=3154,http://maps.google.pt/maps?z=20&t=k&q=loc:38.65239+-9.04896
Biologia,Universidade dos Açores - Faculdade de Ciências e Tecnologia,detcursopi.asp?codc=9011&code=0160,http://maps.google.pt/maps?z=20&t=k&q=loc:37.74605+-25.66378
Biologia,Universidade do Algarve - Faculdade de Ciências e Tecnologia,detcursopi.asp?codc=9011&code=0203,http://maps.google.pt/maps?z=20&t=k&q=loc:37.04408+-7.972222
Biologia,Universidade de Aveiro,detcursopi.asp?codc=9011&code=0300,http://maps.google.pt/maps?z=20&t=k&q=loc:40.63118+-8.657394
Biologia,Universidade de Coimbra - Faculdade de Ciências e Tecnologia,detcursopi.asp?codc=9011&code=0501,http://maps.google.pt/maps?z=20&t=k&q=loc:40.18623+-8.412266
Biologia,Universidade de Évora - Escola de Ciências e Tecnologia,detcursopi.asp?codc=9011&code=0602,http://maps.google.pt/maps?z=20&t=k&q=loc:38.56832+-7.910306
Biologia,Universidade de Lisboa - Faculdade de Ciências,detcursopi.asp?codc=9011&code=1503,http://maps.google.pt/maps?z=20&t=k&q=loc:38.75676+-9.155387
Biologia,Universidade de Lisboa - Instituto Superior de Agronomia,detcursopi.asp?codc=9011&code=1515,http://maps.google.pt/maps?z=20&t=k&q=loc:38.70623+-9.182634
Biologia,Universidade da Madeira - Faculdade de Ciências da Vida,detcursopi.asp?codc=9011&code=1309,http://maps.google.pt/maps?z=20&t=k&q=loc:32.65928+-16.9251
Biologia,Universidade do Porto - Faculdade de Ciências,detcursopi.asp?codc=9011&code=1103,http://maps.google.pt/maps?z=20&t=k&q=loc:41.15242+-8.637816
Biologia,Universidade de Trás-os-Montes e Alto Douro - Escola de Ciências da Vida e do Ambiente,detcursopi.asp?codc=9011&code=1204,http://maps.google.pt/maps?z=20&t=k&q=loc:41.28739+-7.738986
Biologia,"ISPA - Instituto Universitário de Ciências Psicológicas, Sociais e da Vida",detcursopi.asp?codc=9011&code=4450,http://maps.google.pt/maps?z=20&t=k&q=loc:38.71216+-9.125942
Biologia Aplicada,Universidade do Minho,detcursopi.asp?codc=9688&code=1000,http://maps.google.pt/maps?z=20&t=k&q=loc:41.33284+-8.253481
Biologia e Biotecnologia,Instituto Politécnico de Bragança - Escola Superior Agrária de Bragança,detcursopi.asp?codc=L029&code=3041,http://maps.google.pt/maps?z=20&t=k&q=loc:41.79774+-6.767192
Biologia e Biotecnologia Alimentar,Instituto Politécnico de Santarém - Escola Superior Agrária de Santarém,detcursopi.asp?codc=L259&code=3141,http://maps.google.pt/maps?z=20&t=k&q=loc:39.24965+-8.697347
Biologia Celular e Molecular,Universidade Nova de Lisboa - Faculdade de Ciências e Tecnologia,detcursopi.asp?codc=9348&code=0903,http://maps.google.pt/maps?z=20&t=k&q=loc:38.66165+-9.206682
Biologia e Geologia,Universidade de Aveiro,detcursopi.asp?codc=9012&code=0300,http://maps.google.pt/maps?z=20&t=k&q=loc:40.63118+-8.657394
Biologia e Geologia,Universidade de Évora - Escola de Ciências e Tecnologia,detcursopi.asp?codc=9012&code=0602,http://maps.google.pt/maps?z=20&t=k&q=loc:38.56832+-7.910306
Biologia e Geologia,Universidade do Minho,detcursopi.asp?codc=9012&code=1000,http://maps.google.pt/maps?z=20&t=k&q=loc:41.33284+-8.253481
Biologia e Geologia,Universidade de Trás-os-Montes e Alto Douro - Escola de Ciências da Vida e do Ambiente,detcursopi.asp?codc=9012&code=1204,http://maps.google.pt/maps?z=20&t=k&q=loc:41.28739+-7.738986
Biologia Humana,Universidade de Évora - Escola de Ciências e Tecnologia,detcursopi.asp?codc=8262&code=0602,http://maps.google.pt/maps?z=20&t=k&q=loc:38.56832+-7.910306
Biologia Marinha,Universidade do Algarve - Faculdade de Ciências e Tecnologia,detcursopi.asp?codc=9013&code=0203,http://maps.google.pt/maps?z=20&t=k&q=loc:37.04408+-7.972222
Biologia Marinha,Universidade de Coimbra - Faculdade de Ciências e Tecnologia (Campus Figueira da Foz),detcursopi.asp?codc=9013&code=0521,http://maps.google.pt/maps?z=20&t=k&q=loc:40.1528+-8.858626
Biologia Marinha,Instituto Politécnico de Leiria - Escola Superior de Turismo e Tecnologia do Mar,detcursopi.asp?codc=9013&code=3105,http://maps.google.pt/maps?z=20&t=k&q=loc:39.36472+-9.403056
Biomecânica,Instituto Politécnico de Leiria - Escola Superior de Tecnologia e Gestão,detcursopi.asp?codc=9690&code=3102,http://maps.google.pt/maps?z=20&t=k&q=loc:39.73444+-8.821389
Bioquímica,Universidade do Algarve - Faculdade de Ciências e Tecnologia,detcursopi.asp?codc=9015&code=0203,http://maps.google.pt/maps?z=20&t=k&q=loc:37.04408+-7.972222
Bioquímica,Universidade de Aveiro,detcursopi.asp?codc=9015&code=0300,http://maps.google.pt/maps?z=20&t=k&q=loc:40.63118+-8.657394
Bioquímica,Universidade da Beira Interior,detcursopi.asp?codc=9015&code=0400,http://maps.google.pt/maps?z=20&t=k&q=loc:40.27736+-7.508574
Bioquímica,Universidade de Coimbra - Faculdade de Ciências e Tecnologia,detcursopi.asp?codc=9015&code=0501,http://maps.google.pt/maps?z=20&t=k&q=loc:40.18623+-8.412266
Bioquímica,Universidade de Évora - Escola de Ciências e Tecnologia,detcursopi.asp?codc=9015&code=0602,http://maps.google.pt/maps?z=20&t=k&q=loc:38.56832+-7.910306
Bioquímica,Universidade de Lisboa - Faculdade de Ciências,detcursopi.asp?codc=9015&code=1503,http://maps.google.pt/maps?z=20&t=k&q=loc:38.75676+-9.155387
Bioquímica,Universidade da Madeira - Faculdade de Ciências Exatas e da Engenharia,detcursopi.asp?codc=9015&code=1307,http://maps.google.pt/maps?z=20&t=k&q=loc:32.65928+-16.9251
Bioquímica,Universidade do Minho,detcursopi.asp?codc=9015&code=1000,http://maps.google.pt/maps?z=20&t=k&q=loc:41.33284+-8.253481
Bioquímica,Universidade Nova de Lisboa - Faculdade de Ciências e Tecnologia,detcursopi.asp?codc=9015&code=0903,http://maps.google.pt/maps?z=20&t=k&q=loc:38.66165+-9.206682
Bioquímica,Universidade do Porto - Faculdade de Ciências,detcursopi.asp?codc=9015&code=1103,http://maps.google.pt/maps?z=20&t=k&q=loc:41.15242+-8.637816
Bioquímica,Universidade de Trás-os-Montes e Alto Douro - Escola de Ciências da Vida e do Ambiente,detcursopi.asp?codc=9015&code=1204,http://maps.google.pt/maps?z=20&t=k&q=loc:41.28739+-7.738986
Biorrecursos,Instituto Politécnico do Porto - Instituto Superior de Engenharia do Porto,detcursopi.asp?codc=L089&code=3135,http://maps.google.pt/maps?z=20&t=k&q=loc:41.17834+-8.606863
Biotecnologia,Universidade do Algarve - Faculdade de Ciências e Tecnologia,detcursopi.asp?codc=9016&code=0203,http://maps.google.pt/maps?z=20&t=k&q=loc:37.04408+-7.972222
Biotecnologia,Universidade de Aveiro,detcursopi.asp?codc=9016&code=0300,http://maps.google.pt/maps?z=20&t=k&q=loc:40.63118+-8.657394
Biotecnologia,Universidade da Beira Interior,detcursopi.asp?codc=9016&code=0400,http://maps.google.pt/maps?z=20&t=k&q=loc:40.27736+-7.508574
Biotecnologia,Universidade de Évora - Escola de Ciências e Tecnologia,detcursopi.asp?codc=9016&code=0602,http://maps.google.pt/maps?z=20&t=k&q=loc:38.56832+-7.910306
Biotecnologia,Instituto Politécnico de Coimbra - Escola Superior Agrária de Coimbra,detcursopi.asp?codc=9016&code=3061,http://maps.google.pt/maps?z=20&t=k&q=loc:40.21421+-8.450982
Biotecnologia,Instituto Politécnico de Leiria - Escola Superior de Turismo e Tecnologia do Mar,detcursopi.asp?codc=9016&code=3105,http://maps.google.pt/maps?z=20&t=k&q=loc:39.36472+-9.403056
Biotecnologia,Instituto Politécnico de Setúbal - Escola Superior de Tecnologia do Barreiro,detcursopi.asp?codc=9016&code=3154,http://maps.google.pt/maps?z=20&t=k&q=loc:38.65239+-9.04896
Biotecnologia,Instituto Politécnico de Viana do Castelo - Escola Superior Agrária,detcursopi.asp?codc=9016&code=3161,http://maps.google.pt/maps?z=20&t=k&q=loc:41.79271+-8.54231
Biotecnologia,Instituto Politécnico de Viseu - Escola Superior Agrária de Viseu,detcursopi.asp?codc=9016&code=3185,http://maps.google.pt/maps?z=20&t=k&q=loc:40.64135+-7.910146
Biotecnologia Alimentar,Instituto Politécnico de Castelo Branco - Escola Superior Agrária de Castelo Branco,detcursopi.asp?codc=L093&code=3051,http://maps.google.pt/maps?z=20&t=k&q=loc:39.82086+-7.46249
Biotecnologia Medicinal,Instituto Politécnico da Guarda - Escola Superior de Saúde da Guarda,detcursopi.asp?codc=L101&code=7040,http://maps.google.pt/maps?z=20&t=k&q=loc:40.52968+-7.276771
Biotecnologia Medicinal,Instituto Politécnico do Porto - Escola Superior de Saúde,detcursopi.asp?codc=L101&code=7230,http://maps.google.pt/maps?z=20&t=k&q=loc:41.17779+-8.60693
Cardiopneumologia,Escola Superior de Saúde da Cruz Vermelha Portuguesa - Lisboa,detcursopi.asp?codc=8137&code=4091,http://maps.google.pt/maps?z=20&t=k&q=loc:38.71442+-9.176041
Ciclo Básico de Medicina,Universidade dos Açores - Faculdade de Ciências e Tecnologia,detcursopi.asp?codc=8083&code=0160,http://maps.google.pt/maps?z=20&t=k&q=loc:37.74605+-25.66378
Ciclo Básico de Medicina,Universidade da Madeira - Faculdade de Ciências da Vida,detcursopi.asp?codc=8083&code=1309,http://maps.google.pt/maps?z=20&t=k&q=loc:32.65928+-16.9251
Cidades Sustentáveis e Inteligentes,Universidade de Trás-os-Montes e Alto Douro - Escola de Ciências e Tecnologia,detcursopi.asp?codc=L345&code=1203,http://maps.google.pt/maps?z=20&t=k&q=loc:41.28739+-7.738986
Ciênc de Engenharia-Eng Mecânica; Eng Eletrotécnica e de Computadores (Pre),Universidade dos Açores - Faculdade de Ciências e Tecnologia,detcursopi.asp?codc=8571&code=0160,http://maps.google.pt/maps?z=20&t=k&q=loc:37.74605+-25.66378
Ciência Animal,Universidade de Trás-os-Montes e Alto Douro - Escola de Ciências Agrárias e Veterinárias,detcursopi.asp?codc=L352&code=1201,http://maps.google.pt/maps?z=20&t=k&q=loc:41.28739+-7.738986
Ciência de Computadores,Universidade do Porto - Faculdade de Ciências,detcursopi.asp?codc=9696&code=1103,http://maps.google.pt/maps?z=20&t=k&q=loc:41.15242+-8.637816
Ciência de Dados,ISCTE - Instituto Universitário de Lisboa,detcursopi.asp?codc=L188&code=6800,http://maps.google.pt/maps?z=20&t=k&q=loc:38.74875+-9.153692
Ciência de Dados,Universidade do Minho,detcursopi.asp?codc=L188&code=1000,http://maps.google.pt/maps?z=20&t=k&q=loc:41.33284+-8.253481
Ciência de Dados,Universidade Nova de Lisboa - Instituto Superior de Estatística e Gestão de Informação,detcursopi.asp?codc=L188&code=0906,http://maps.google.pt/maps?z=20&t=k&q=loc:38.73236+-9.160044
Ciência de Dados,Instituto Superior Manuel Teixeira Gomes,detcursopi.asp?codc=L188&code=4375,http://maps.google.pt/maps?z=20&t=k&q=loc:37.14078+-8.535942
Ciência de Dados Aplicada,Universidade Católica Portuguesa - Faculdade de Filosofia e Ciências Sociais,detcursopi.asp?codc=L271&code=2223,
Ciência de Dados e Gestão,Universidade Europeia,detcursopi.asp?codc=L290&code=4350,http://maps.google.pt/maps?z=20&t=k&q=loc:38.77668+-9.193758
Ciência de Dados e Inteligência Artificial,Instituto Politécnico da Guarda - Escola Superior de Tecnologia e Gestão,detcursopi.asp?codc=L283&code=3092,http://maps.google.pt/maps?z=20&t=k&q=loc:40.54139+-7.28329
Ciência de Dados para a Gestão,Instituto Politécnico de Coimbra - Instituto Superior de Contabilidade e Administração de Coimbra,detcursopi.asp?codc=L310&code=3063,http://maps.google.pt/maps?z=20&t=k&q=loc:42.12346+-8.27082
Ciência de Dados (regime pós-laboral),ISCTE - Instituto Universitário de Lisboa,detcursopi.asp?codc=L189&code=6800,http://maps.google.pt/maps?z=20&t=k&q=loc:38.74875+-9.153692
Ciência da Informação,Universidade de Coimbra - Faculdade de Letras,detcursopi.asp?codc=9694&code=0505,http://maps.google.pt/maps?z=20&t=k&q=loc:40.20647+-8.428684
Ciência da Informação,Universidade do Porto - Faculdade de Letras,detcursopi.asp?codc=9694&code=1107,http://maps.google.pt/maps?z=20&t=k&q=loc:41.15155+-8.63262
Ciência Política,ISCTE - Instituto Universitário de Lisboa,detcursopi.asp?codc=9019&code=6800,http://maps.google.pt/maps?z=20&t=k&q=loc:38.74875+-9.153692
Ciência Política,Universidade de Lisboa - Instituto Superior de Ciências Sociais e Políticas,detcursopi.asp?codc=9019&code=1516,http://maps.google.pt/maps?z=20&t=k&q=loc:38.71306+-9.198223
Ciência Política,Universidade do Minho,detcursopi.asp?codc=9019&code=1000,http://maps.google.pt/maps?z=20&t=k&q=loc:41.33284+-8.253481
Ciência Política e Relações Internacionais,Universidade da Beira Interior,detcursopi.asp?codc=9020&code=0400,http://maps.google.pt/maps?z=20&t=k&q=loc:40.27736+-7.508574
Ciência Política e Relações Internacionais,Universidade Nova de Lisboa - Faculdade de Ciências Sociais e Humanas,detcursopi.asp?codc=9020&code=0902,http://maps.google.pt/maps?z=20&t=k&q=loc:38.74025+-9.151129
Ciência Política e Relações Internacionais,Universidade Católica Portuguesa - Instituto de Estudos Políticos,detcursopi.asp?codc=9020&code=2295,
Ciência Política e Relações Internacionais,Universidade Fernando Pessoa,detcursopi.asp?codc=9020&code=2750,http://maps.google.pt/maps?z=20&t=k&q=loc:41.17292+-8.611185
Ciência e Tecnologia dos Alimentos,Instituto Politécnico de Beja - Escola Superior Agrária,detcursopi.asp?codc=9350&code=3021,http://maps.google.pt/maps?z=20&t=k&q=loc:38.01277+-7.872949
Ciência e Tecnologia Animal,Universidade de Évora - Escola de Ciências e Tecnologia,detcursopi.asp?codc=9818&code=0602,http://maps.google.pt/maps?z=20&t=k&q=loc:38.56832+-7.910306
Ciência e Visualização de Dados,ISEC Lisboa - Instituto Superior de Educação e Ciências,detcursopi.asp?codc=L315&code=4298,http://maps.google.pt/maps?z=20&t=k&q=loc:38.76894+-9.15895
Ciências Aeronáuticas e do Espaço,ISEC Lisboa - Instituto Superior de Educação e Ciências,detcursopi.asp?codc=L316&code=4298,http://maps.google.pt/maps?z=20&t=k&q=loc:38.76894+-9.15895
Ciências Agrárias,Universidade dos Açores - Faculdade de Ciências Agrárias e do Ambiente,detcursopi.asp?codc=9022&code=0140,http://maps.google.pt/maps?z=20&t=k&q=loc:38.6585+-27.234
Ciências do Ambiente,Universidade do Minho,detcursopi.asp?codc=9379&code=1000,http://maps.google.pt/maps?z=20&t=k&q=loc:41.33284+-8.253481
Ciências do Ambiente,Universidade de Trás-os-Montes e Alto Douro - Escola de Ciências da Vida e do Ambiente,detcursopi.asp?codc=9379&code=1204,http://maps.google.pt/maps?z=20&t=k&q=loc:41.28739+-7.738986
Ciências da Arte e do Património,Universidade de Lisboa - Faculdade de Belas-Artes,detcursopi.asp?codc=L010&code=1502,http://maps.google.pt/maps?z=20&t=k&q=loc:38.70903+-9.156942
Ciências Bioanalíticas,Universidade de Coimbra - Faculdade de Farmácia,detcursopi.asp?codc=9819&code=0504,http://maps.google.pt/maps?z=20&t=k&q=loc:40.21968+-8.418132
Ciências Biomédicas,Universidade do Algarve - Faculdade de Medicina e Ciências Biomédicas,detcursopi.asp?codc=9351&code=0206,http://maps.google.pt/maps?z=20&t=k&q=loc:37.04408+-7.972222
Ciências Biomédicas,Universidade de Aveiro,detcursopi.asp?codc=9351&code=0300,http://maps.google.pt/maps?z=20&t=k&q=loc:40.63118+-8.657394
Ciências Biomédicas,Universidade da Beira Interior,detcursopi.asp?codc=9351&code=0400,http://maps.google.pt/maps?z=20&t=k&q=loc:40.27736+-7.508574
Ciências Biomédicas,Universidade de Trás-os-Montes e Alto Douro - Escola de Ciências da Vida e do Ambiente,detcursopi.asp?codc=9351&code=1204,http://maps.google.pt/maps?z=20&t=k&q=loc:41.28739+-7.738986
Ciências Biomédicas,Instituto Universitário de Ciências da Saúde - CESPU,detcursopi.asp?codc=9351&code=4650,http://maps.google.pt/maps?z=20&t=k&q=loc:41.18351+-8.445928
Ciências Biomédicas,Instituto Universitário Egas Moniz,detcursopi.asp?codc=9351&code=4260,http://maps.google.pt/maps?z=20&t=k&q=loc:38.6669+-9.200091
Ciências Biomédicas,Universidade Católica Portuguesa - Faculdade de Medicina Dentária,detcursopi.asp?codc=9351&code=2227,http://maps.google.pt/maps?z=20&t=k&q=loc:40.6537+-7.9062
Ciências Biomédicas Laboratoriais,Instituto Politécnico de Bragança - Escola Superior de Saúde de Bragança,detcursopi.asp?codc=L068&code=7015,http://maps.google.pt/maps?z=20&t=k&q=loc:41.80336+-6.76559
Ciências Biomédicas Laboratoriais,Instituto Politécnico de Castelo Branco - Escola Superior de Saúde Dr. Lopes Dias,detcursopi.asp?codc=L068&code=7020,http://maps.google.pt/maps?z=20&t=k&q=loc:39.82057+-7.51405
Ciências Biomédicas Laboratoriais,Instituto Politécnico de Coimbra - Escola Superior de Tecnologia da Saúde de Coimbra,detcursopi.asp?codc=L068&code=7210,http://maps.google.pt/maps?z=20&t=k&q=loc:40.19915+-8.461344
Ciências Biomédicas Laboratoriais,Instituto Politécnico da Guarda - Escola Superior de Saúde da Guarda,detcursopi.asp?codc=L068&code=7040,http://maps.google.pt/maps?z=20&t=k&q=loc:40.52968+-7.276771
Ciências Biomédicas Laboratoriais,Instituto Politécnico de Lisboa - Escola Superior de Tecnologia da Saúde de Lisboa,detcursopi.asp?codc=L068&code=7220,http://maps.google.pt/maps?z=20&t=k&q=loc:38.77607+-9.097442
Ciências Biomédicas Laboratoriais,Instituto Politécnico do Porto - Escola Superior de Saúde,detcursopi.asp?codc=L068&code=7230,http://maps.google.pt/maps?z=20&t=k&q=loc:41.17779+-8.60693
Ciências Biomédicas Laboratoriais,Universidade do Algarve - Escola Superior de Saúde,detcursopi.asp?codc=L068&code=7035,http://maps.google.pt/maps?z=20&t=k&q=loc:37.04394+-7.972298
Ciências Biomédicas Laboratoriais,Escola Superior de Saúde da Cruz Vermelha Portuguesa - Lisboa,detcursopi.asp?codc=L068&code=4091,http://maps.google.pt/maps?z=20&t=k&q=loc:38.71442+-9.176041
Ciências Biomédicas Laboratoriais,Escola Superior de Saúde Egas Moniz,detcursopi.asp?codc=L068&code=4106,http://maps.google.pt/maps?z=20&t=k&q=loc:38.6669+-9.200091
Ciências Biomédicas Laboratoriais,Escola Superior de Saúde da Fundação «Fernando Pessoa»,detcursopi.asp?codc=L068&code=4620,http://maps.google.pt/maps?z=20&t=k&q=loc:41.17316+-8.608274
Ciências Biomédicas Laboratoriais,Instituto Politécnico da Lusofonia - Escola Superior de Saúde Ribeiro Sanches,detcursopi.asp?codc=L068&code=4614,http://maps.google.pt/maps?z=20&t=k&q=loc:38.74674+-9.100184
Ciências Biomédicas e da Saúde,Universidade de Évora - Escola de Saúde e Desenvolvimento Humano,detcursopi.asp?codc=L256&code=0605,http://maps.google.pt/maps?z=20&t=k&q=loc:38.56832+-7.910306
Ciências Bioveterinárias,Escola Universitária Vasco da Gama,detcursopi.asp?codc=L111&code=4126,http://maps.google.pt/maps?z=20&t=k&q=loc:40.23515+-8.415624
Ciências Cognitivas e do Comportamento,"ISPA - Instituto Universitário de Ciências Psicológicas, Sociais e da Vida",detcursopi.asp?codc=L255&code=4450,http://maps.google.pt/maps?z=20&t=k&q=loc:38.71216+-9.125942
Ciências da Computação,Universidade do Minho,detcursopi.asp?codc=9397&code=1000,http://maps.google.pt/maps?z=20&t=k&q=loc:41.33284+-8.253481
Ciências da Comunicação,Universidade da Beira Interior,detcursopi.asp?codc=9023&code=0400,http://maps.google.pt/maps?z=20&t=k&q=loc:40.27736+-7.508574
Ciências da Comunicação,Universidade de Lisboa - Instituto Superior de Ciências Sociais e Políticas,detcursopi.asp?codc=9023&code=1516,http://maps.google.pt/maps?z=20&t=k&q=loc:38.71306+-9.198223
Ciências da Comunicação,Universidade do Minho,detcursopi.asp?codc=9023&code=1000,http://maps.google.pt/maps?z=20&t=k&q=loc:41.33284+-8.253481
Ciências da Comunicação,Universidade Nova de Lisboa - Faculdade de Ciências Sociais e Humanas,detcursopi.asp?codc=9023&code=0902,http://maps.google.pt/maps?z=20&t=k&q=loc:38.74025+-9.151129
Ciências da Comunicação,Universidade do Porto - Faculdade de Letras,detcursopi.asp?codc=9023&code=1107,http://maps.google.pt/maps?z=20&t=k&q=loc:41.15155+-8.63262
Ciências da Comunicação,Universidade de Trás-os-Montes e Alto Douro - Escola de Ciências Humanas e Sociais,detcursopi.asp?codc=9023&code=1202,http://maps.google.pt/maps?z=20&t=k&q=loc:41.28739+-7.738986
Ciências da Comunicação,Universidade do Algarve - Escola Superior de Educação e Comunicação,detcursopi.asp?codc=9023&code=3081,http://maps.google.pt/maps?z=20&t=k&q=loc:37.02903+-7.922722
Ciências da Comunicação,Universidade Autónoma de Lisboa Luís de Camões,detcursopi.asp?codc=9023&code=2100,http://maps.google.pt/maps?z=20&t=k&q=loc:38.72433+-9.14589
Ciências da Comunicação,Universidade Católica Portuguesa - Faculdade de Filosofia e Ciências Sociais,detcursopi.asp?codc=9023&code=2223,
Ciências da Comunicação,Universidade Europeia,detcursopi.asp?codc=9023&code=4350,http://maps.google.pt/maps?z=20&t=k&q=loc:38.77668+-9.193758
Ciências da Comunicação,Universidade Fernando Pessoa,detcursopi.asp?codc=9023&code=2750,http://maps.google.pt/maps?z=20&t=k&q=loc:41.17292+-8.611185
Ciências da Comunicação,Universidade da Maia,detcursopi.asp?codc=9023&code=4630,http://maps.google.pt/maps?z=20&t=k&q=loc:41.26779+-8.617047
Ciências da Cultura,Universidade da Beira Interior,detcursopi.asp?codc=9025&code=0400,http://maps.google.pt/maps?z=20&t=k&q=loc:40.27736+-7.508574
Ciências do Desporto,Universidade da Beira Interior,detcursopi.asp?codc=9707&code=0400,http://maps.google.pt/maps?z=20&t=k&q=loc:40.27736+-7.508574
Ciências do Desporto,Universidade de Coimbra - Faculdade de Ciências do Desporto e Educação Física,detcursopi.asp?codc=9707&code=0508,http://maps.google.pt/maps?z=20&t=k&q=loc:40.20711+-8.436049
Ciências do Desporto,Universidade de Évora - Escola de Saúde e Desenvolvimento Humano,detcursopi.asp?codc=9707&code=0605,http://maps.google.pt/maps?z=20&t=k&q=loc:38.56832+-7.910306
Ciências do Desporto,Universidade de Lisboa - Faculdade de Motricidade Humana,detcursopi.asp?codc=9707&code=1510,http://maps.google.pt/maps?z=20&t=k&q=loc:38.70524+-9.25235
Ciências do Desporto,Universidade do Porto - Faculdade de Desporto,detcursopi.asp?codc=9707&code=1111,http://maps.google.pt/maps?z=20&t=k&q=loc:41.17864+-8.600067
Ciências do Desporto,Universidade de Trás-os-Montes e Alto Douro - Escola de Ciências da Vida e do Ambiente,detcursopi.asp?codc=9707&code=1204,http://maps.google.pt/maps?z=20&t=k&q=loc:41.28739+-7.738986
Ciências do Desporto,Instituto Superior Manuel Teixeira Gomes,detcursopi.asp?codc=9707&code=4375,http://maps.google.pt/maps?z=20&t=k&q=loc:37.14078+-8.535942
Ciências da Educação,Universidade de Coimbra - Faculdade de Psicologia e de Ciências da Educação,detcursopi.asp?codc=9026&code=0507,http://maps.google.pt/maps?z=20&t=k&q=loc:40.21036+-8.427611
Ciências da Educação,Universidade de Évora - Escola de Ciências Sociais,detcursopi.asp?codc=9026&code=0604,http://maps.google.pt/maps?z=20&t=k&q=loc:38.57381+-7.906329
Ciências da Educação,Universidade da Madeira - Faculdade de Ciências Sociais,detcursopi.asp?codc=9026&code=1308,http://maps.google.pt/maps?z=20&t=k&q=loc:32.65928+-16.9251
Ciências da Educação,Universidade do Porto - Faculdade de Psicologia e de Ciências da Educação,detcursopi.asp?codc=9026&code=1109,http://maps.google.pt/maps?z=20&t=k&q=loc:41.17554+-8.604519
Ciências da Educação e da Formação,Universidade do Algarve - Faculdade de Ciências Humanas e Sociais,detcursopi.asp?codc=9821&code=0201,http://maps.google.pt/maps?z=20&t=k&q=loc:37.04408+-7.972222
Ciências Empresariais,Instituto Politécnico do Porto - Escola Superior de Tecnologia e Gestão,detcursopi.asp?codc=9045&code=3138,http://maps.google.pt/maps?z=20&t=k&q=loc:41.36677+-8.194765
Ciências Empresariais,Universidade Fernando Pessoa,detcursopi.asp?codc=9045&code=2750,http://maps.google.pt/maps?z=20&t=k&q=loc:41.17292+-8.611185
Ciências Empresariais (regime pós-laboral),Instituto Politécnico do Porto - Escola Superior de Tecnologia e Gestão,detcursopi.asp?codc=8097&code=3138,http://maps.google.pt/maps?z=20&t=k&q=loc:41.36677+-8.194765
Ciências Farmacêuticas,Universidade do Algarve - Faculdade de Ciências e Tecnologia,detcursopi.asp?codc=9494&code=0203,http://maps.google.pt/maps?z=20&t=k&q=loc:37.04408+-7.972222
Ciências Farmacêuticas,Universidade da Beira Interior,detcursopi.asp?codc=9494&code=0400,http://maps.google.pt/maps?z=20&t=k&q=loc:40.27736+-7.508574
Ciências Farmacêuticas,Universidade de Coimbra - Faculdade de Farmácia,detcursopi.asp?codc=9494&code=0504,http://maps.google.pt/maps?z=20&t=k&q=loc:40.21968+-8.418132
Ciências Farmacêuticas,Universidade de Évora - Escola de Saúde e Desenvolvimento Humano,detcursopi.asp?codc=9494&code=0605,http://maps.google.pt/maps?z=20&t=k&q=loc:38.56832+-7.910306
Ciências Farmacêuticas,Universidade de Lisboa - Faculdade de Farmácia,detcursopi.asp?codc=9494&code=1505,http://maps.google.pt/maps?z=20&t=k&q=loc:38.74955+-9.157356
Ciências Farmacêuticas,Universidade do Porto - Faculdade de Farmácia,detcursopi.asp?codc=9494&code=1106,http://maps.google.pt/maps?z=20&t=k&q=loc:41.14777+-8.624307
Ciências Farmacêuticas,Instituto Universitário de Ciências da Saúde - CESPU,detcursopi.asp?codc=9494&code=4650,http://maps.google.pt/maps?z=20&t=k&q=loc:41.18351+-8.445928
Ciências Farmacêuticas,Instituto Universitário Egas Moniz,detcursopi.asp?codc=9494&code=4260,http://maps.google.pt/maps?z=20&t=k&q=loc:38.6669+-9.200091
Ciências Farmacêuticas,Universidade Fernando Pessoa,detcursopi.asp?codc=9494&code=2750,http://maps.google.pt/maps?z=20&t=k&q=loc:41.17292+-8.611185
Ciências Florestais e Recursos Naturais,Instituto Politécnico de Coimbra - Escola Superior Agrária de Coimbra,detcursopi.asp?codc=L009&code=3061,http://maps.google.pt/maps?z=20&t=k&q=loc:40.21421+-8.450982
Ciências Forenses,Instituto Universitário de Ciências da Saúde - CESPU,detcursopi.asp?codc=L294&code=4650,http://maps.google.pt/maps?z=20&t=k&q=loc:41.18351+-8.445928
Ciências Forenses e Criminais,Instituto Universitário Egas Moniz,detcursopi.asp?codc=8059&code=4260,http://maps.google.pt/maps?z=20&t=k&q=loc:38.6669+-9.200091
Ciências da Linguagem,Universidade de Lisboa - Faculdade de Letras,detcursopi.asp?codc=9040&code=1506,http://maps.google.pt/maps?z=20&t=k&q=loc:38.75359+-9.157651
Ciências da Linguagem,Universidade Nova de Lisboa - Faculdade de Ciências Sociais e Humanas,detcursopi.asp?codc=9040&code=0902,http://maps.google.pt/maps?z=20&t=k&q=loc:38.74025+-9.151129
Ciências da Linguagem,Universidade do Porto - Faculdade de Letras,detcursopi.asp?codc=9040&code=1107,http://maps.google.pt/maps?z=20&t=k&q=loc:41.15155+-8.63262
Ciências do Mar,Universidade de Aveiro,detcursopi.asp?codc=9041&code=0300,http://maps.google.pt/maps?z=20&t=k&q=loc:40.63118+-8.657394
Ciências do Meio Aquático,Universidade do Porto - Instituto de Ciências Biomédicas Abel Salazar,detcursopi.asp?codc=9708&code=1110,http://maps.google.pt/maps?z=20&t=k&q=loc:41.14777+-8.624307
"Ciências Militares Aeronáuticas, especialidade de Administração Aeronáutica",Instituto Universitário Militar - Academia da Força Aérea,detcursopi.asp?codc=L206&code=7712,http://maps.google.pt/maps?z=20&t=k&q=loc:38.83759+-9.342421
"Ciências Militares Aeronáuticas, Especialidade de Engenharia",Instituto Universitário Militar - Academia da Força Aérea,detcursopi.asp?codc=L219&code=7712,http://maps.google.pt/maps?z=20&t=k&q=loc:38.83759+-9.342421
"Ciências Militares Aeronáuticas, especialidade de Piloto Aviador",Instituto Universitário Militar - Academia da Força Aérea,detcursopi.asp?codc=L289&code=7712,http://maps.google.pt/maps?z=20&t=k&q=loc:38.83759+-9.342421
"Ciências Militares Navais, ramo de Administração Naval",Instituto Universitário Militar - Escola Naval,detcursopi.asp?codc=L201&code=7710,http://maps.google.pt/maps?z=20&t=k&q=loc:38.66245+-9.147213
"Ciências Militares Navais, ramo de Engenharia Naval",Instituto Universitário Militar - Escola Naval,detcursopi.asp?codc=L216&code=7710,http://maps.google.pt/maps?z=20&t=k&q=loc:38.66245+-9.147213
"Ciências Militares Navais, ramo de Marinha e Fuzileiros",Instituto Universitário Militar - Escola Naval,detcursopi.asp?codc=L325&code=7710,http://maps.google.pt/maps?z=20&t=k&q=loc:38.66245+-9.147213
"Ciências Militares, no Ramo de Administração",Instituto Universitário Militar - Academia Militar,detcursopi.asp?codc=L195&code=7711,http://maps.google.pt/maps?z=20&t=k&q=loc:38.72643+-9.140553
"Ciências Militares, ramo Exército",Instituto Universitário Militar - Academia Militar,detcursopi.asp?codc=L323&code=7711,http://maps.google.pt/maps?z=20&t=k&q=loc:38.72643+-9.140553
"Ciências Militares, ramo Segurança",Instituto Universitário Militar - Academia Militar,detcursopi.asp?codc=L324&code=7711,http://maps.google.pt/maps?z=20&t=k&q=loc:38.72643+-9.140553
Ciências Musicais,Universidade Nova de Lisboa - Faculdade de Ciências Sociais e Humanas,detcursopi.asp?codc=9046&code=0902,http://maps.google.pt/maps?z=20&t=k&q=loc:38.74025+-9.151129
Ciências da Nutrição,Universidade de Lisboa - Faculdade de Medicina,detcursopi.asp?codc=9554&code=1507,http://maps.google.pt/maps?z=20&t=k&q=loc:38.74874+-9.160639
Ciências da Nutrição,Universidade Nova de Lisboa - Faculdade de Ciências Médicas,detcursopi.asp?codc=9554&code=0901,http://maps.google.pt/maps?z=20&t=k&q=loc:38.72019+-9.139704
Ciências da Nutrição,Universidade do Porto - Faculdade de Ciências da Nutrição e da Alimentação,detcursopi.asp?codc=9554&code=1101,http://maps.google.pt/maps?z=20&t=k&q=loc:41.15291+-8.638251
Ciências da Nutrição,Universidade de Trás-os-Montes e Alto Douro - Escola de Ciências da Vida e do Ambiente,detcursopi.asp?codc=9554&code=1204,http://maps.google.pt/maps?z=20&t=k&q=loc:41.28739+-7.738986
Ciências da Nutrição,Atlântica - Instituto Universitário,detcursopi.asp?codc=9554&code=2710,http://maps.google.pt/maps?z=20&t=k&q=loc:38.74141+-9.284575
Ciências da Nutrição,Instituto Universitário de Ciências da Saúde - CESPU,detcursopi.asp?codc=9554&code=4650,http://maps.google.pt/maps?z=20&t=k&q=loc:41.18351+-8.445928
Ciências da Nutrição,Instituto Universitário Egas Moniz,detcursopi.asp?codc=9554&code=4260,http://maps.google.pt/maps?z=20&t=k&q=loc:38.6669+-9.200091
Ciências da Nutrição,Universidade Católica Portuguesa - Escola Superior de Biotecnologia,detcursopi.asp?codc=9554&code=2210,http://maps.google.pt/maps?z=20&t=k&q=loc:41.15398+-8.673013
Ciências da Nutrição,Universidade Europeia,detcursopi.asp?codc=9554&code=4350,http://maps.google.pt/maps?z=20&t=k&q=loc:38.77668+-9.193758
Ciências da Nutrição,Universidade Fernando Pessoa,detcursopi.asp?codc=9554&code=2750,http://maps.google.pt/maps?z=20&t=k&q=loc:41.17292+-8.611185
Ciências do Oceano (ensino em inglês),Universidade dos Açores - Faculdade de Ciências e Tecnologia,detcursopi.asp?codc=A017&code=0160,http://maps.google.pt/maps?z=20&t=k&q=loc:37.74605+-25.66378
Ciências Policiais,Instituto Superior de Ciências Policiais e Segurança Interna,detcursopi.asp?codc=L243&code=7530,http://maps.google.pt/maps?z=20&t=k&q=loc:38.70389+-9.178889
Ciências e Sociedade,Universidade Católica Portuguesa - Escola Superior de Biotecnologia,detcursopi.asp?codc=L338&code=2210,http://maps.google.pt/maps?z=20&t=k&q=loc:41.15398+-8.673013
Ciências e Tecnologia do Ambiente,Universidade do Porto - Faculdade de Ciências,detcursopi.asp?codc=9709&code=1103,http://maps.google.pt/maps?z=20&t=k&q=loc:41.15242+-8.637816
Ciências e Tecnologia do Ambiente,Instituto Politécnico de Viseu - Escola Superior de Tecnologia e Gestão de Viseu,detcursopi.asp?codc=9709&code=3182,http://maps.google.pt/maps?z=20&t=k&q=loc:40.64449+-7.921137
Ciências e Tecnologias da Documentação e Informação,Instituto Politécnico do Porto - Instituto Superior de Contabilidade e Administração do Porto,detcursopi.asp?codc=9043&code=3134,http://maps.google.pt/maps?z=20&t=k&q=loc:41.18986+-8.598206
Ciências e Tecnologias Florestais,Universidade de Trás-os-Montes e Alto Douro - Escola de Ciências Agrárias e Veterinárias,detcursopi.asp?codc=L372&code=1201,http://maps.google.pt/maps?z=20&t=k&q=loc:41.28739+-7.738986
Cinema,Universidade da Beira Interior,detcursopi.asp?codc=9048&code=0400,http://maps.google.pt/maps?z=20&t=k&q=loc:40.27736+-7.508574
Cinema,Instituto Politécnico de Lisboa - Escola Superior de Teatro e Cinema,detcursopi.asp?codc=9048&code=3116,http://maps.google.pt/maps?z=20&t=k&q=loc:37.76357+-9.235246
Cinema,Universidade Católica Portuguesa - Escola das Artes,detcursopi.asp?codc=9048&code=2265,
Cinema e Audiovisual,Instituto Politécnico do Porto - Escola Superior de Media Artes e Design,detcursopi.asp?codc=9713&code=3331,http://maps.google.pt/maps?z=20&t=k&q=loc:41.36633+-8.739719
Cinema e Audiovisual,Escola Superior Artística do Porto,detcursopi.asp?codc=9713&code=4010,
Cinema e Média Digitais,Instituto Politécnico de Tomar - Escola Superior de Tecnologia de Abrantes,detcursopi.asp?codc=L371&code=3243,http://maps.google.pt/maps?z=20&t=k&q=loc:39.46782+-8.207817
Comércio Internacional,Instituto Politécnico do Porto - Instituto Superior de Contabilidade e Administração do Porto,detcursopi.asp?codc=9716&code=3134,http://maps.google.pt/maps?z=20&t=k&q=loc:41.18986+-8.598206
Comércio Internacional,Instituto Superior de Ciências Empresariais e do Turismo,detcursopi.asp?codc=9716&code=4280,http://maps.google.pt/maps?z=20&t=k&q=loc:41.152+-8.617905
Comércio Internacional (regime pós-laboral),Instituto Politécnico do Porto - Instituto Superior de Contabilidade e Administração do Porto,detcursopi.asp?codc=9866&code=3134,http://maps.google.pt/maps?z=20&t=k&q=loc:41.18986+-8.598206
Comércio e Negócios Internacionais (regime pós-laboral),Instituto Politécnico de Lisboa - Instituto Superior de Contabilidade e Administração de Lisboa,detcursopi.asp?codc=L035&code=3117,http://maps.google.pt/maps?z=20&t=k&q=loc:38.73717+-9.146786
Comércio e Relações Económicas Internacionais,Instituto Politécnico de Coimbra - Instituto Superior de Contabilidade e Administração de Coimbra,detcursopi.asp?codc=L056&code=3063,http://maps.google.pt/maps?z=20&t=k&q=loc:42.12346+-8.27082
Computação Criativa e Realidade Virtual,Universidade da Beira Interior,detcursopi.asp?codc=L331&code=0400,http://maps.google.pt/maps?z=20&t=k&q=loc:40.27736+-7.508574
Computação e Logística,Instituto Politécnico de Tomar - Escola Superior de Tecnologia de Abrantes,detcursopi.asp?codc=L211&code=3243,http://maps.google.pt/maps?z=20&t=k&q=loc:39.46782+-8.207817
Computação e Matemática Aplicada,Instituto Superior Manuel Teixeira Gomes,detcursopi.asp?codc=L291&code=4375,http://maps.google.pt/maps?z=20&t=k&q=loc:37.14078+-8.535942
Comunicação e Design Multimédia,Instituto Politécnico de Coimbra - Escola Superior de Educação de Coimbra,detcursopi.asp?codc=9894&code=3062,http://maps.google.pt/maps?z=20&t=k&q=loc:40.20522+-8.405957
Comunicação Digital,ISLA - Instituto Politécnico de Gestão e Tecnologia - Escola Superior de Tecnologia,detcursopi.asp?codc=L330&code=4572,http://maps.google.pt/maps?z=20&t=k&q=loc:41.12411+-8.614039
Comunicação Empresarial,Instituto Politécnico do Porto - Instituto Superior de Contabilidade e Administração do Porto,detcursopi.asp?codc=9053&code=3134,http://maps.google.pt/maps?z=20&t=k&q=loc:41.18986+-8.598206
Comunicação Empresarial,Instituto Superior Miguel Torga,detcursopi.asp?codc=9053&code=4500,http://maps.google.pt/maps?z=20&t=k&q=loc:40.21349+-8.41318
Comunicação Empresarial (regime pós-laboral),Instituto Politécnico do Porto - Instituto Superior de Contabilidade e Administração do Porto,detcursopi.asp?codc=9867&code=3134,http://maps.google.pt/maps?z=20&t=k&q=loc:41.18986+-8.598206
Comunicação Global,ISEC Lisboa - Instituto Superior de Educação e Ciências,detcursopi.asp?codc=L337&code=4298,http://maps.google.pt/maps?z=20&t=k&q=loc:38.76894+-9.15895
Comunicação e Media,Instituto Politécnico de Leiria - Escola Superior de Educação e Ciências Sociais,detcursopi.asp?codc=L099&code=3101,http://maps.google.pt/maps?z=20&t=k&q=loc:39.73972+-8.811389
Comunicação Multimédia,"Instituto Politécnico da Guarda - Escola Superior de Educação, Comunicação e Desporto",detcursopi.asp?codc=8339&code=3091,http://maps.google.pt/maps?z=20&t=k&q=loc:40.54139+-7.28329
Comunicação e Multimédia,Universidade de Trás-os-Montes e Alto Douro - Escola de Ciências e Tecnologia,detcursopi.asp?codc=9052&code=1203,http://maps.google.pt/maps?z=20&t=k&q=loc:41.28739+-7.738986
Comunicação Organizacional,Instituto Politécnico de Coimbra - Escola Superior de Educação de Coimbra,detcursopi.asp?codc=9717&code=3062,http://maps.google.pt/maps?z=20&t=k&q=loc:40.20522+-8.405957
Comunicação Organizacional (regime pós-laboral),Instituto Politécnico de Coimbra - Escola Superior de Educação de Coimbra,detcursopi.asp?codc=8342&code=3062,http://maps.google.pt/maps?z=20&t=k&q=loc:40.20522+-8.405957
Comunicação e Relações Públicas,Universidade dos Açores - Faculdade de Ciências Sociais e Humanas,detcursopi.asp?codc=9652&code=0150,http://maps.google.pt/maps?z=20&t=k&q=loc:37.74605+-25.66378
Comunicação e Relações Públicas,"Instituto Politécnico da Guarda - Escola Superior de Educação, Comunicação e Desporto",detcursopi.asp?codc=9652&code=3091,http://maps.google.pt/maps?z=20&t=k&q=loc:40.54139+-7.28329
Comunicação Social,Instituto Politécnico de Coimbra - Escola Superior de Educação de Coimbra,detcursopi.asp?codc=9054&code=3062,http://maps.google.pt/maps?z=20&t=k&q=loc:40.20522+-8.405957
Comunicação Social,Instituto Politécnico de Setúbal - Escola Superior de Educação,detcursopi.asp?codc=9054&code=3151,http://maps.google.pt/maps?z=20&t=k&q=loc:38.51978+-8.838278
Comunicação Social,Instituto Politécnico de Viseu - Escola Superior de Educação de Viseu,detcursopi.asp?codc=9054&code=3181,http://maps.google.pt/maps?z=20&t=k&q=loc:40.66005+-7.913927
Comunicação Social e Cultural,Universidade Católica Portuguesa - Faculdade de Ciências Humanas,detcursopi.asp?codc=9453&code=2220,
Comunicação Social: Jornalismo e Comunicação Empresarial,Instituto Politécnico de Tomar - Escola Superior de Tecnologia de Abrantes,detcursopi.asp?codc=L297&code=3243,http://maps.google.pt/maps?z=20&t=k&q=loc:39.46782+-8.207817
"Comunicação, Cultura e Organizações",Universidade da Madeira - Faculdade de Artes e Humanidades,detcursopi.asp?codc=9720&code=1306,http://maps.google.pt/maps?z=20&t=k&q=loc:32.65928+-16.9251
Conservação - Restauro,Universidade Nova de Lisboa - Faculdade de Ciências e Tecnologia,detcursopi.asp?codc=8036&code=0903,http://maps.google.pt/maps?z=20&t=k&q=loc:38.66165+-9.206682
Conservação e Restauro,Instituto Politécnico de Tomar - Escola Superior de Tecnologia de Tomar,detcursopi.asp?codc=9380&code=3242,http://maps.google.pt/maps?z=20&t=k&q=loc:39.59896+-8.389722
Contabilidade,Universidade do Minho,detcursopi.asp?codc=9056&code=1000,http://maps.google.pt/maps?z=20&t=k&q=loc:41.33284+-8.253481
Contabilidade,Instituto Politécnico de Bragança - Escola Superior de Tecnologia e de Gestão de Bragança,detcursopi.asp?codc=9056&code=3043,http://maps.google.pt/maps?z=20&t=k&q=loc:41.79637+-6.7689
Contabilidade,Instituto Politécnico do Cávado e do Ave - Escola Superior de Gestão,detcursopi.asp?codc=9056&code=3031,http://maps.google.pt/maps?z=20&t=k&q=loc:41.53448+-8.628122
Contabilidade,Instituto Politécnico da Guarda - Escola Superior de Tecnologia e Gestão,detcursopi.asp?codc=9056&code=3092,http://maps.google.pt/maps?z=20&t=k&q=loc:40.54139+-7.28329
Contabilidade,Instituto Politécnico de Lisboa - Instituto Superior de Contabilidade e Administração de Lisboa,detcursopi.asp?codc=9056&code=3117,http://maps.google.pt/maps?z=20&t=k&q=loc:38.73717+-9.146786
Contabilidade,Instituto Politécnico de Tomar - Escola Superior de Gestão de Tomar,detcursopi.asp?codc=9056&code=3241,http://maps.google.pt/maps?z=20&t=k&q=loc:39.59896+-8.389722
Contabilidade,Instituto Politécnico de Viseu - Escola Superior de Tecnologia e Gestão de Viseu,detcursopi.asp?codc=9056&code=3182,http://maps.google.pt/maps?z=20&t=k&q=loc:40.64449+-7.921137
Contabilidade,Universidade de Aveiro - Instituto Superior de Contabilidade e Administração de Aveiro,detcursopi.asp?codc=9056&code=3011,http://maps.google.pt/maps?z=20&t=k&q=loc:40.63046+-8.653306
Contabilidade,Universidade Lusíada - Centro Universitário Lusíada - Norte - Vila Nova de Famalicão,detcursopi.asp?codc=9056&code=2450,http://maps.google.pt/maps?z=20&t=k&q=loc:41.41021+-8.522896
Contabilidade,Instituto Politécnico da Maia - Escola Superior de Tecnologia e Gestão,detcursopi.asp?codc=9056&code=4582,http://maps.google.pt/maps?z=20&t=k&q=loc:41.26783+-8.6172
Contabilidade,Instituto Superior de Entre Douro e Vouga,detcursopi.asp?codc=9056&code=4283,http://maps.google.pt/maps?z=20&t=k&q=loc:40.92438+-8.544944
Contabilidade,Instituto Superior Politécnico Gaya - Escola Superior de Ciências Empresariais,detcursopi.asp?codc=9056&code=4444,http://maps.google.pt/maps?z=20&t=k&q=loc:41.11968+-8.623498
Contabilidade e Administração,Instituto Politécnico de Coimbra - Escola Superior de Tecnologia e Gestão de Oliveira do Hospital,detcursopi.asp?codc=9058&code=3065,http://maps.google.pt/maps?z=20&t=k&q=loc:40.36106+-7.861083
Contabilidade e Administração,Instituto Politécnico do Porto - Instituto Superior de Contabilidade e Administração do Porto,detcursopi.asp?codc=9058&code=3134,http://maps.google.pt/maps?z=20&t=k&q=loc:41.18986+-8.598206
Contabilidade e Administração (regime pós-laboral),Instituto Politécnico do Porto - Instituto Superior de Contabilidade e Administração do Porto,detcursopi.asp?codc=9870&code=3134,http://maps.google.pt/maps?z=20&t=k&q=loc:41.18986+-8.598206
Contabilidade e Auditoria,Instituto Politécnico de Coimbra - Instituto Superior de Contabilidade e Administração de Coimbra,detcursopi.asp?codc=9061&code=3063,http://maps.google.pt/maps?z=20&t=k&q=loc:42.12346+-8.27082
Contabilidade e Finanças,Instituto Politécnico de Leiria - Escola Superior de Tecnologia e Gestão,detcursopi.asp?codc=9627&code=3102,http://maps.google.pt/maps?z=20&t=k&q=loc:39.73444+-8.821389
Contabilidade e Finanças,Instituto Politécnico de Setúbal - Escola Superior de Ciências Empresariais,detcursopi.asp?codc=9627&code=3153,http://maps.google.pt/maps?z=20&t=k&q=loc:38.52306+-8.841667
Contabilidade e Finanças (regime noturno),Instituto Politécnico de Setúbal - Escola Superior de Ciências Empresariais,detcursopi.asp?codc=9628&code=3153,http://maps.google.pt/maps?z=20&t=k&q=loc:38.52306+-8.841667
Contabilidade e Fiscalidade,Instituto Politécnico de Santarém - Escola Superior de Gestão e Tecnologia de Santarém,detcursopi.asp?codc=9498&code=3143,http://maps.google.pt/maps?z=20&t=k&q=loc:39.22521+-8.690559
Contabilidade e Fiscalidade,Instituto Politécnico de Viana do Castelo - Escola Superior de Ciências Empresariais,detcursopi.asp?codc=9498&code=3164,http://maps.google.pt/maps?z=20&t=k&q=loc:42.02595+-8.641592
Contabilidade e Gestão Pública,Instituto Politécnico de Coimbra - Instituto Superior de Contabilidade e Administração de Coimbra,detcursopi.asp?codc=9722&code=3063,http://maps.google.pt/maps?z=20&t=k&q=loc:42.12346+-8.27082
Contabilidade (regime pós-laboral),Instituto Politécnico do Cávado e do Ave - Escola Superior de Gestão,detcursopi.asp?codc=9869&code=3031,http://maps.google.pt/maps?z=20&t=k&q=loc:41.53448+-8.628122
Contabilidade (regime pós-laboral),Instituto Politécnico de Lisboa - Instituto Superior de Contabilidade e Administração de Lisboa,detcursopi.asp?codc=9869&code=3117,http://maps.google.pt/maps?z=20&t=k&q=loc:38.73717+-9.146786
Contabilidade (regime pós-laboral),Universidade de Aveiro - Instituto Superior de Contabilidade e Administração de Aveiro,detcursopi.asp?codc=9869&code=3011,http://maps.google.pt/maps?z=20&t=k&q=loc:40.63046+-8.653306
Criatividade e Inovação Empresarial,Instituto Politécnico do Porto - Instituto Superior de Contabilidade e Administração do Porto,detcursopi.asp?codc=L070&code=3134,http://maps.google.pt/maps?z=20&t=k&q=loc:41.18986+-8.598206
Criminologia,Universidade do Porto - Faculdade de Direito,detcursopi.asp?codc=9066&code=1114,http://maps.google.pt/maps?z=20&t=k&q=loc:41.15236+-8.616284
Criminologia,Universidade Fernando Pessoa,detcursopi.asp?codc=9066&code=2750,http://maps.google.pt/maps?z=20&t=k&q=loc:41.17292+-8.611185
Criminologia,Universidade Lusíada - Centro Universitário Lusíada - Norte - Porto,detcursopi.asp?codc=9066&code=2440,http://maps.google.pt/maps?z=20&t=k&q=loc:41.1687+-8.661802
Criminologia,Universidade da Maia,detcursopi.asp?codc=9066&code=4630,http://maps.google.pt/maps?z=20&t=k&q=loc:41.26779+-8.617047
Criminologia e Justiça Criminal,Universidade do Minho,detcursopi.asp?codc=L078&code=1000,http://maps.google.pt/maps?z=20&t=k&q=loc:41.33284+-8.253481
Cultura e Transformação Digital,Universidade de Trás-os-Montes e Alto Douro - Escola de Ciências Humanas e Sociais,detcursopi.asp?codc=L312&code=1202,http://maps.google.pt/maps?z=20&t=k&q=loc:41.28739+-7.738986
Dança,Universidade de Lisboa - Faculdade de Motricidade Humana,detcursopi.asp?codc=9068&code=1510,http://maps.google.pt/maps?z=20&t=k&q=loc:38.70524+-9.25235
Dança,Instituto Politécnico de Lisboa - Escola Superior de Dança,detcursopi.asp?codc=9068&code=3111,http://maps.google.pt/maps?z=20&t=k&q=loc:38.75568+-9.113923
Desenho,Universidade de Lisboa - Faculdade de Belas-Artes,detcursopi.asp?codc=8399&code=1502,http://maps.google.pt/maps?z=20&t=k&q=loc:38.70903+-9.156942
Desenho,Universidade do Porto - Faculdade de Belas-Artes,detcursopi.asp?codc=8399&code=5402,http://maps.google.pt/maps?z=20&t=k&q=loc:41.14566+-8.600771
Desenvolvimento de Jogos,Universidade Europeia,detcursopi.asp?codc=L210&code=4350,http://maps.google.pt/maps?z=20&t=k&q=loc:38.77668+-9.193758
Desenvolvimento de Jogos Digitais,Instituto Politécnico da Maia - Escola Superior de Tecnologia e Gestão,detcursopi.asp?codc=L180&code=4582,http://maps.google.pt/maps?z=20&t=k&q=loc:41.26783+-8.6172
Desenvolvimento de Software e Aplicações,ISCTE - Instituto Universitário de Lisboa (Sintra),detcursopi.asp?codc=L278&code=6810,http://maps.google.pt/maps?z=20&t=k&q=loc:38.80215+-9.382696
Design,Universidade de Aveiro,detcursopi.asp?codc=9069&code=0300,http://maps.google.pt/maps?z=20&t=k&q=loc:40.63118+-8.657394
Design,Universidade de Évora - Escola de Artes,detcursopi.asp?codc=9069&code=0603,http://maps.google.pt/maps?z=20&t=k&q=loc:38.56902+-7.911873
Design,Universidade de Lisboa - Faculdade de Arquitetura,detcursopi.asp?codc=9069&code=1501,http://maps.google.pt/maps?z=20&t=k&q=loc:38.71291+-9.193281
Design,Universidade da Madeira - Faculdade de Artes e Humanidades,detcursopi.asp?codc=9069&code=1306,http://maps.google.pt/maps?z=20&t=k&q=loc:32.65928+-16.9251
Design,Instituto Politécnico do Porto - Escola Superior de Media Artes e Design,detcursopi.asp?codc=9069&code=3331,http://maps.google.pt/maps?z=20&t=k&q=loc:41.36633+-8.739719
Design,Universidade Europeia,detcursopi.asp?codc=9069&code=4350,http://maps.google.pt/maps?z=20&t=k&q=loc:38.77668+-9.193758
Design,Universidade Lusíada - Centro Universitário Lusíada - Lisboa,detcursopi.asp?codc=9069&code=2410,http://maps.google.pt/maps?z=20&t=k&q=loc:38.69799+-9.192036
Design,Universidade Lusíada - Centro Universitário Lusíada - Norte - Porto,detcursopi.asp?codc=9069&code=2440,http://maps.google.pt/maps?z=20&t=k&q=loc:41.1687+-8.661802
Design,Universidade Lusíada - Centro Universitário Lusíada - Norte - Vila Nova de Famalicão,detcursopi.asp?codc=9069&code=2450,http://maps.google.pt/maps?z=20&t=k&q=loc:41.41021+-8.522896
Design,Escola Superior de Artes e Design,detcursopi.asp?codc=9069&code=4069,http://maps.google.pt/maps?z=20&t=k&q=loc:41.18464+-8.662266
Design de Ambientes,Instituto Politécnico de Viana do Castelo - Escola Superior de Tecnologia e Gestão,detcursopi.asp?codc=9723&code=3163,http://maps.google.pt/maps?z=20&t=k&q=loc:41.69424+-8.846658
Design de Animação,"Instituto Politécnico de Portalegre - Escola Superior de Tecnologia, Gestão e Design",detcursopi.asp?codc=L308&code=3124,http://maps.google.pt/maps?z=20&t=k&q=loc:39.26868+-7.4425
Design Audiovisual,Instituto Politécnico do Cávado e do Ave - Escola Superior de Design,detcursopi.asp?codc=L260&code=3033,http://maps.google.pt/maps?z=20&t=k&q=loc:41.53448+-8.628122
Design de Comunicação,Universidade de Lisboa - Faculdade de Belas-Artes,detcursopi.asp?codc=9070&code=1502,http://maps.google.pt/maps?z=20&t=k&q=loc:38.70903+-9.156942
Design de Comunicação,Universidade do Porto - Faculdade de Belas-Artes,detcursopi.asp?codc=9070&code=5402,http://maps.google.pt/maps?z=20&t=k&q=loc:41.14566+-8.600771
Design de Comunicação,"Instituto Politécnico de Portalegre - Escola Superior de Tecnologia, Gestão e Design",detcursopi.asp?codc=9070&code=3124,http://maps.google.pt/maps?z=20&t=k&q=loc:39.26868+-7.4425
Design de Comunicação,Universidade do Algarve - Escola Superior de Educação e Comunicação,detcursopi.asp?codc=9070&code=3081,http://maps.google.pt/maps?z=20&t=k&q=loc:37.02903+-7.922722
Design de Comunicação,Escola Superior Artística do Porto,detcursopi.asp?codc=9070&code=4010,
Design de Comunicação,Instituto Superior Manuel Teixeira Gomes,detcursopi.asp?codc=9070&code=4375,http://maps.google.pt/maps?z=20&t=k&q=loc:37.14078+-8.535942
Design de Comunicação,Instituto Superior Miguel Torga,detcursopi.asp?codc=9070&code=4500,http://maps.google.pt/maps?z=20&t=k&q=loc:40.21349+-8.41318
Design de Comunicação e Audiovisual,Instituto Politécnico de Castelo Branco - Escola Superior de Artes Aplicadas,detcursopi.asp?codc=L158&code=3055,http://maps.google.pt/maps?z=20&t=k&q=loc:38.81918+-7.455066
Design de Equipamento,Universidade de Lisboa - Faculdade de Belas-Artes,detcursopi.asp?codc=9072&code=1502,http://maps.google.pt/maps?z=20&t=k&q=loc:38.70903+-9.156942
Design de Equipamento e Ambientes,Instituto Politécnico da Guarda - Escola Superior de Tecnologia e Gestão,detcursopi.asp?codc=L335&code=3092,http://maps.google.pt/maps?z=20&t=k&q=loc:40.54139+-7.28329
Design de Espaços,Instituto Politécnico de Leiria - Escola Superior de Artes e Design,detcursopi.asp?codc=L257&code=3103,http://maps.google.pt/maps?z=20&t=k&q=loc:39.39528+-9.135278
Design Global,Universidade Europeia,detcursopi.asp?codc=L125&code=4350,http://maps.google.pt/maps?z=20&t=k&q=loc:38.77668+-9.193758
Design Gráfico,Instituto Politécnico do Cávado e do Ave - Escola Superior de Design,detcursopi.asp?codc=9470&code=3033,http://maps.google.pt/maps?z=20&t=k&q=loc:41.53448+-8.628122
Design Gráfico e Multimédia,Instituto Politécnico de Leiria - Escola Superior de Artes e Design,detcursopi.asp?codc=9729&code=3103,http://maps.google.pt/maps?z=20&t=k&q=loc:39.39528+-9.135278
Design Gráfico e Multimédia (regime pós-laboral),Instituto Politécnico de Leiria - Escola Superior de Artes e Design,detcursopi.asp?codc=8126&code=3103,http://maps.google.pt/maps?z=20&t=k&q=loc:39.39528+-9.135278
Design Gráfico (regime pós-laboral),Instituto Politécnico do Cávado e do Ave - Escola Superior de Design,detcursopi.asp?codc=9873&code=3033,http://maps.google.pt/maps?z=20&t=k&q=loc:41.53448+-8.628122
Design Industrial,Universidade da Beira Interior,detcursopi.asp?codc=9074&code=0400,http://maps.google.pt/maps?z=20&t=k&q=loc:40.27736+-7.508574
Design Industrial,Instituto Politécnico do Cávado e do Ave - Escola Superior de Design,detcursopi.asp?codc=9074&code=3033,http://maps.google.pt/maps?z=20&t=k&q=loc:41.53448+-8.628122
Design Industrial,Instituto Politécnico de Leiria - Escola Superior de Artes e Design,detcursopi.asp?codc=9074&code=3103,http://maps.google.pt/maps?z=20&t=k&q=loc:39.39528+-9.135278
Design de Interiores e Equipamento,Instituto Politécnico de Castelo Branco - Escola Superior de Artes Aplicadas,detcursopi.asp?codc=9725&code=3055,http://maps.google.pt/maps?z=20&t=k&q=loc:38.81918+-7.455066
Design de Jogos Digitais,"Instituto Politécnico de Bragança - Escola Superior de Comunicação, Administração e Turismo de Mirandela",detcursopi.asp?codc=8309&code=3045,http://maps.google.pt/maps?z=20&t=k&q=loc:41.47761+-7.178407
Design e Marketing de Moda,Universidade do Minho,detcursopi.asp?codc=9499&code=1000,http://maps.google.pt/maps?z=20&t=k&q=loc:41.33284+-8.253481
Design de Moda,Universidade da Beira Interior,detcursopi.asp?codc=9071&code=0400,http://maps.google.pt/maps?z=20&t=k&q=loc:40.27736+-7.508574
Design de Moda,Universidade de Lisboa - Faculdade de Arquitetura,detcursopi.asp?codc=9071&code=1501,http://maps.google.pt/maps?z=20&t=k&q=loc:38.71291+-9.193281
Design de Moda e Têxtil,Instituto Politécnico de Castelo Branco - Escola Superior de Artes Aplicadas,detcursopi.asp?codc=9726&code=3055,http://maps.google.pt/maps?z=20&t=k&q=loc:38.81918+-7.455066
Design Multimédia,Universidade da Beira Interior,detcursopi.asp?codc=9075&code=0400,http://maps.google.pt/maps?z=20&t=k&q=loc:40.27736+-7.508574
Design e Multimédia,Universidade de Coimbra - Faculdade de Ciências e Tecnologia,detcursopi.asp?codc=9891&code=0501,http://maps.google.pt/maps?z=20&t=k&q=loc:40.18623+-8.412266
Design e Produção Gráfica,ISEC Lisboa - Instituto Superior de Educação e Ciências,detcursopi.asp?codc=9073&code=4298,http://maps.google.pt/maps?z=20&t=k&q=loc:38.76894+-9.15895
Design e Produção de Moda e Têxtil,Instituto Superior Manuel Teixeira Gomes,detcursopi.asp?codc=L270&code=4375,http://maps.google.pt/maps?z=20&t=k&q=loc:37.14078+-8.535942
Design de Produto,Universidade do Minho,detcursopi.asp?codc=8494&code=1000,http://maps.google.pt/maps?z=20&t=k&q=loc:41.33284+-8.253481
Design do Produto,Instituto Politécnico de Viana do Castelo - Escola Superior de Tecnologia e Gestão,detcursopi.asp?codc=9727&code=3163,http://maps.google.pt/maps?z=20&t=k&q=loc:41.69424+-8.846658
Design de Produto - Cerâmica e Vidro,Instituto Politécnico de Leiria - Escola Superior de Artes e Design,detcursopi.asp?codc=8525&code=3103,http://maps.google.pt/maps?z=20&t=k&q=loc:39.39528+-9.135278
Design de Produto e Tecnologia,"Universidade de Aveiro - Escola Superior de Design, Gestão e Tecnologia da Produção de Aveiro-Norte",detcursopi.asp?codc=L138&code=3014,http://maps.google.pt/maps?z=20&t=k&q=loc:40.86214+-8.476327
Design Sustentável,Universidade de Trás-os-Montes e Alto Douro - Escola de Ciências e Tecnologia,detcursopi.asp?codc=L253&code=1203,http://maps.google.pt/maps?z=20&t=k&q=loc:41.28739+-7.738986
Design e Tecnologia das Artes Gráficas,Instituto Politécnico de Tomar - Escola Superior de Tecnologia de Tomar,detcursopi.asp?codc=9644&code=3242,http://maps.google.pt/maps?z=20&t=k&q=loc:39.59896+-8.389722
Design UX/UI,Atlântica - Instituto Universitário,detcursopi.asp?codc=L369&code=2710,http://maps.google.pt/maps?z=20&t=k&q=loc:38.74141+-9.284575
Desporto,Instituto Politécnico de Beja - Escola Superior de Educação,detcursopi.asp?codc=9563&code=3022,http://maps.google.pt/maps?z=20&t=k&q=loc:38.01385+-7.874671
Desporto,Instituto Politécnico de Bragança - Escola Superior de Educação de Bragança,detcursopi.asp?codc=9563&code=3042,http://maps.google.pt/maps?z=20&t=k&q=loc:41.7977+-6.7672
Desporto,"Instituto Politécnico do Cávado e do Ave - Escola Superior de Desporto, Bem-Estar e Sistemas Biomédicos",detcursopi.asp?codc=9563&code=3036,http://maps.google.pt/maps?z=20&t=k&q=loc:41.43946+-8.294934
Desporto,"Instituto Politécnico da Guarda - Escola Superior de Educação, Comunicação e Desporto",detcursopi.asp?codc=9563&code=3091,http://maps.google.pt/maps?z=20&t=k&q=loc:40.54139+-7.28329
Desporto,Instituto Politécnico de Portalegre - Escola Superior de Biociências de Elvas,detcursopi.asp?codc=9563&code=3125,http://maps.google.pt/maps?z=20&t=k&q=loc:38.8809+-7.167167
Desporto,Instituto Politécnico do Porto - Escola Superior de Educação,detcursopi.asp?codc=9563&code=3131,http://maps.google.pt/maps?z=20&t=k&q=loc:41.1799+-8.598137
Desporto,Instituto Politécnico de Setúbal - Escola Superior de Educação,detcursopi.asp?codc=9563&code=3151,http://maps.google.pt/maps?z=20&t=k&q=loc:38.51978+-8.838278
Desporto,Universidade do Algarve - Escola Superior de Educação e Comunicação,detcursopi.asp?codc=9563&code=3081,http://maps.google.pt/maps?z=20&t=k&q=loc:37.02903+-7.922722
Desporto,Escola Superior de Educação de Fafe,detcursopi.asp?codc=9563&code=4076,http://maps.google.pt/maps?z=20&t=k&q=loc:41.46357+-8.153696
Desporto,Instituto Politécnico Jean Piaget do Norte - Escola Superior de Desporto e Educação Jean Piaget de Vila Nova de Gaia,detcursopi.asp?codc=9563&code=4627,http://maps.google.pt/maps?z=20&t=k&q=loc:41.07755+-8.635221
Desporto,Instituto Superior de Ciências Educativas do Douro,detcursopi.asp?codc=9563&code=4271,http://maps.google.pt/maps?z=20&t=k&q=loc:41.12039+-8.172403
Desporto,ISCE - Instituto Superior de Lisboa e Vale do Tejo,detcursopi.asp?codc=9563&code=4270,http://maps.google.pt/maps?z=20&t=k&q=loc:38.8064+-9.191853
Desporto e Atividade Física,Instituto Politécnico de Castelo Branco - Escola Superior de Educação de Castelo Branco,detcursopi.asp?codc=9850&code=3052,http://maps.google.pt/maps?z=20&t=k&q=loc:39.8191+-7.495828
Desporto e Atividade Física,Instituto Politécnico de Viseu - Escola Superior de Educação de Viseu,detcursopi.asp?codc=9850&code=3181,http://maps.google.pt/maps?z=20&t=k&q=loc:40.66005+-7.913927
Desporto e Bem-Estar,Instituto Politécnico de Leiria - Escola Superior de Educação e Ciências Sociais,detcursopi.asp?codc=9851&code=3101,http://maps.google.pt/maps?z=20&t=k&q=loc:39.73972+-8.811389
"Desporto, Condição Física e Bem-Estar","Instituto Politécnico da Maia - Escola Superior de Ciências Sociais, Educação e Desporto",detcursopi.asp?codc=L174&code=4581,http://maps.google.pt/maps?z=20&t=k&q=loc:41.26783+-8.6172
"Desporto, Condição Física e Saúde","Instituto Politécnico da Guarda - Escola Superior de Educação, Comunicação e Desporto",detcursopi.asp?codc=L034&code=3091,http://maps.google.pt/maps?z=20&t=k&q=loc:40.54139+-7.28329
"Desporto, Condição Física e Saúde",Instituto Politécnico de Santarém - Escola Superior de Desporto de Rio Maior,detcursopi.asp?codc=L034&code=3145,http://maps.google.pt/maps?z=20&t=k&q=loc:39.345+-8.933
Desporto e Lazer,Instituto Politécnico de Coimbra - Escola Superior de Educação de Coimbra,detcursopi.asp?codc=9731&code=3062,http://maps.google.pt/maps?z=20&t=k&q=loc:40.20522+-8.405957
Desporto e Lazer,Instituto Politécnico de Viana do Castelo - Escola Superior de Desporto e Lazer,detcursopi.asp?codc=9731&code=3165,http://maps.google.pt/maps?z=20&t=k&q=loc:42.11456+-8.257095
Desporto de Natureza e Turismo Ativo,Instituto Politécnico de Santarém - Escola Superior de Desporto de Rio Maior,detcursopi.asp?codc=9730&code=3145,http://maps.google.pt/maps?z=20&t=k&q=loc:39.345+-8.933
Dietética e Nutrição,Instituto Politécnico de Bragança - Escola Superior de Saúde de Bragança,detcursopi.asp?codc=8149&code=7015,http://maps.google.pt/maps?z=20&t=k&q=loc:41.80336+-6.76559
Dietética e Nutrição,Instituto Politécnico de Coimbra - Escola Superior de Tecnologia da Saúde de Coimbra,detcursopi.asp?codc=8149&code=7210,http://maps.google.pt/maps?z=20&t=k&q=loc:40.19915+-8.461344
Dietética e Nutrição,Instituto Politécnico de Leiria - Escola Superior de Saúde,detcursopi.asp?codc=8149&code=7045,http://maps.google.pt/maps?z=20&t=k&q=loc:39.73278+-8.820556
Dietética e Nutrição,Instituto Politécnico de Lisboa - Escola Superior de Tecnologia da Saúde de Lisboa,detcursopi.asp?codc=8149&code=7220,http://maps.google.pt/maps?z=20&t=k&q=loc:38.77607+-9.097442
Dietética e Nutrição,Universidade do Algarve - Escola Superior de Saúde,detcursopi.asp?codc=8149&code=7035,http://maps.google.pt/maps?z=20&t=k&q=loc:37.04394+-7.972298
Dietética e Nutrição,Instituto Politécnico Jean Piaget do Norte - Escola Superior de Saúde Jean Piaget de Vila Nova de Gaia,detcursopi.asp?codc=8149&code=4626,http://maps.google.pt/maps?z=20&t=k&q=loc:41.07755+-8.635221
Dietética e Nutrição,Instituto Politécnico Jean Piaget do Sul - Escola Superior de Saúde Jean Piaget de Almada,detcursopi.asp?codc=8149&code=4604,http://maps.google.pt/maps?z=20&t=k&q=loc:38.6664+-9.1769
Dietética e Nutrição,ISAVE - Instituto Superior de Saúde,detcursopi.asp?codc=8149&code=4460,http://maps.google.pt/maps?z=20&t=k&q=loc:41.63487+-8.350614
Direção e Gestão Hoteleira,Escola Superior de Hotelaria e Turismo do Estoril,detcursopi.asp?codc=9076&code=7110,http://maps.google.pt/maps?z=20&t=k&q=loc:38.71722+-9.391944
Direção e Gestão Hoteleira,Instituto Politécnico de Bragança - Escola Superior de Hotelaria e Bem-Estar,detcursopi.asp?codc=9076&code=3046,http://maps.google.pt/maps?z=20&t=k&q=loc:41.74203+-7.470944
Direção e Gestão Hoteleira,Universidade da Madeira - Escola Superior de Tecnologias e Gestão,detcursopi.asp?codc=9076&code=1321,http://maps.google.pt/maps?z=20&t=k&q=loc:32.65945+-16.92655
Direção e Gestão Hoteleira (regime pós-laboral),Escola Superior de Hotelaria e Turismo do Estoril,detcursopi.asp?codc=9875&code=7110,http://maps.google.pt/maps?z=20&t=k&q=loc:38.71722+-9.391944
Direito,Universidade de Coimbra - Faculdade de Direito,detcursopi.asp?codc=9078&code=0502,http://maps.google.pt/maps?z=20&t=k&q=loc:40.20785+-8.425645
Direito,Universidade de Lisboa - Faculdade de Direito,detcursopi.asp?codc=9078&code=1504,http://maps.google.pt/maps?z=20&t=k&q=loc:38.75244+-9.157061
Direito,Universidade do Minho,detcursopi.asp?codc=9078&code=1000,http://maps.google.pt/maps?z=20&t=k&q=loc:41.33284+-8.253481
Direito,Universidade Nova de Lisboa - Faculdade de Direito,detcursopi.asp?codc=9078&code=0911,http://maps.google.pt/maps?z=20&t=k&q=loc:38.73254+-9.160769
Direito,Universidade do Porto - Faculdade de Direito,detcursopi.asp?codc=9078&code=1114,http://maps.google.pt/maps?z=20&t=k&q=loc:41.15236+-8.616284
Direito,Instituto Superior Manuel Teixeira Gomes,detcursopi.asp?codc=9078&code=4375,http://maps.google.pt/maps?z=20&t=k&q=loc:37.14078+-8.535942
Direito,Universidade Autónoma de Lisboa Luís de Camões,detcursopi.asp?codc=9078&code=2100,http://maps.google.pt/maps?z=20&t=k&q=loc:38.72433+-9.14589
Direito,Universidade Católica Portuguesa - Faculdade de Direito,detcursopi.asp?codc=9078&code=2280,
Direito,Universidade Católica Portuguesa - Faculdade de Direito (Porto),detcursopi.asp?codc=9078&code=2281,http://maps.google.pt/maps?z=20&t=k&q=loc:41.15398+-8.673013
Direito,Universidade Europeia,detcursopi.asp?codc=9078&code=4350,http://maps.google.pt/maps?z=20&t=k&q=loc:38.77668+-9.193758
Direito,Universidade Lusíada - Centro Universitário Lusíada - Lisboa,detcursopi.asp?codc=9078&code=2410,http://maps.google.pt/maps?z=20&t=k&q=loc:38.69799+-9.192036
Direito,Universidade Lusíada - Centro Universitário Lusíada - Norte - Porto,detcursopi.asp?codc=9078&code=2440,http://maps.google.pt/maps?z=20&t=k&q=loc:41.1687+-8.661802
Direito,Universidade Portucalense Infante D. Henrique,detcursopi.asp?codc=9078&code=2500,http://maps.google.pt/maps?z=20&t=k&q=loc:41.18032+-8.605047
Direito (regime pós-laboral),Universidade de Lisboa - Faculdade de Direito,detcursopi.asp?codc=8358&code=1504,http://maps.google.pt/maps?z=20&t=k&q=loc:38.75244+-9.157061
Direito (regime pós-laboral),Universidade do Minho,detcursopi.asp?codc=8358&code=1000,http://maps.google.pt/maps?z=20&t=k&q=loc:41.33284+-8.253481
Ecologia e Ambiente,Universidade de Évora - Escola de Ciências e Tecnologia,detcursopi.asp?codc=L090&code=0602,http://maps.google.pt/maps?z=20&t=k&q=loc:38.56832+-7.910306
Economia,ISCTE - Instituto Universitário de Lisboa,detcursopi.asp?codc=9081&code=6800,http://maps.google.pt/maps?z=20&t=k&q=loc:38.74875+-9.153692
Economia,Universidade dos Açores - Faculdade de Economia e Gestão,detcursopi.asp?codc=9081&code=0170,http://maps.google.pt/maps?z=20&t=k&q=loc:37.74605+-25.66378
Economia,Universidade do Algarve - Faculdade de Economia,detcursopi.asp?codc=9081&code=0204,http://maps.google.pt/maps?z=20&t=k&q=loc:37.04408+-7.972222
Economia,Universidade de Aveiro,detcursopi.asp?codc=9081&code=0300,http://maps.google.pt/maps?z=20&t=k&q=loc:40.63118+-8.657394
Economia,Universidade da Beira Interior,detcursopi.asp?codc=9081&code=0400,http://maps.google.pt/maps?z=20&t=k&q=loc:40.27736+-7.508574
Economia,Universidade de Coimbra - Faculdade de Economia,detcursopi.asp?codc=9081&code=0503,http://maps.google.pt/maps?z=20&t=k&q=loc:40.2147+-8.408988
Economia,Universidade de Évora - Escola de Ciências Sociais,detcursopi.asp?codc=9081&code=0604,http://maps.google.pt/maps?z=20&t=k&q=loc:38.57381+-7.906329
Economia,Universidade de Lisboa - Instituto Superior de Economia e Gestão,detcursopi.asp?codc=9081&code=1517,http://maps.google.pt/maps?z=20&t=k&q=loc:38.70972+-9.155651
Economia,Universidade da Madeira - Faculdade de Ciências Sociais,detcursopi.asp?codc=9081&code=1308,http://maps.google.pt/maps?z=20&t=k&q=loc:32.65928+-16.9251
Economia,Universidade do Minho,detcursopi.asp?codc=9081&code=1000,http://maps.google.pt/maps?z=20&t=k&q=loc:41.33284+-8.253481
Economia,Universidade Nova de Lisboa - Faculdade de Economia,detcursopi.asp?codc=9081&code=0904,http://maps.google.pt/maps?z=20&t=k&q=loc:38.6793+-9.325741
Economia,Universidade do Porto - Faculdade de Economia,detcursopi.asp?codc=9081&code=1104,http://maps.google.pt/maps?z=20&t=k&q=loc:41.17595+-8.598582
Economia,Universidade de Trás-os-Montes e Alto Douro - Escola de Ciências Humanas e Sociais,detcursopi.asp?codc=9081&code=1202,http://maps.google.pt/maps?z=20&t=k&q=loc:41.28739+-7.738986
Economia,Universidade Autónoma de Lisboa Luís de Camões,detcursopi.asp?codc=9081&code=2100,http://maps.google.pt/maps?z=20&t=k&q=loc:38.72433+-9.14589
Economia,Universidade Católica Portuguesa - Faculdade de Ciências Económicas e Empresariais,detcursopi.asp?codc=9081&code=2270,
Economia,Universidade Católica Portuguesa - Faculdade de Economia e Gestão,detcursopi.asp?codc=9081&code=2271,http://maps.google.pt/maps?z=20&t=k&q=loc:41.15398+-8.673013
Economia,Universidade Lusíada - Centro Universitário Lusíada - Lisboa,detcursopi.asp?codc=9081&code=2410,http://maps.google.pt/maps?z=20&t=k&q=loc:38.69799+-9.192036
Economia,Universidade Portucalense Infante D. Henrique,detcursopi.asp?codc=9081&code=2500,http://maps.google.pt/maps?z=20&t=k&q=loc:41.18032+-8.605047
Economia (ensino em Inglês),Universidade de Lisboa - Instituto Superior de Economia e Gestão,detcursopi.asp?codc=A006&code=1517,http://maps.google.pt/maps?z=20&t=k&q=loc:38.70972+-9.155651
Economia e Finanças - Licenciatura Internacional,Universidade Católica Portuguesa - Faculdade de Ciências Económicas e Empresariais,detcursopi.asp?codc=L152&code=2270,
Educação,Universidade do Minho,detcursopi.asp?codc=9353&code=1000,http://maps.google.pt/maps?z=20&t=k&q=loc:41.33284+-8.253481
Educação (regime pós-laboral),Universidade do Minho,detcursopi.asp?codc=8427&code=1000,http://maps.google.pt/maps?z=20&t=k&q=loc:41.33284+-8.253481
Educação Ambiental,Instituto Politécnico de Bragança - Escola Superior de Educação de Bragança,detcursopi.asp?codc=9082&code=3042,http://maps.google.pt/maps?z=20&t=k&q=loc:41.7977+-6.7672
Educação Ambiental e Turismo de Natureza,Instituto Politécnico de Santarém - Escola Superior de Educação de Santarém,detcursopi.asp?codc=L130&code=3142,http://maps.google.pt/maps?z=20&t=k&q=loc:39.22225+-8.688641
Educação Básica,Universidade dos Açores - Faculdade de Ciências Sociais e Humanas,detcursopi.asp?codc=9853&code=0150,http://maps.google.pt/maps?z=20&t=k&q=loc:37.74605+-25.66378
Educação Básica,Universidade de Aveiro,detcursopi.asp?codc=9853&code=0300,http://maps.google.pt/maps?z=20&t=k&q=loc:40.63118+-8.657394
Educação Básica,Universidade de Évora - Escola de Ciências Sociais,detcursopi.asp?codc=9853&code=0604,http://maps.google.pt/maps?z=20&t=k&q=loc:38.57381+-7.906329
Educação Básica,Universidade da Madeira - Faculdade de Ciências Sociais,detcursopi.asp?codc=9853&code=1308,http://maps.google.pt/maps?z=20&t=k&q=loc:32.65928+-16.9251
Educação Básica,Universidade do Minho,detcursopi.asp?codc=9853&code=1000,http://maps.google.pt/maps?z=20&t=k&q=loc:41.33284+-8.253481
Educação Básica,Universidade de Trás-os-Montes e Alto Douro - Escola de Ciências Humanas e Sociais,detcursopi.asp?codc=9853&code=1202,http://maps.google.pt/maps?z=20&t=k&q=loc:41.28739+-7.738986
Educação Básica,Instituto Politécnico de Beja - Escola Superior de Educação,detcursopi.asp?codc=9853&code=3022,http://maps.google.pt/maps?z=20&t=k&q=loc:38.01385+-7.874671
Educação Básica,Instituto Politécnico de Bragança - Escola Superior de Educação de Bragança,detcursopi.asp?codc=9853&code=3042,http://maps.google.pt/maps?z=20&t=k&q=loc:41.7977+-6.7672
Educação Básica,Instituto Politécnico de Castelo Branco - Escola Superior de Educação de Castelo Branco,detcursopi.asp?codc=9853&code=3052,http://maps.google.pt/maps?z=20&t=k&q=loc:39.8191+-7.495828
Educação Básica,Instituto Politécnico de Coimbra - Escola Superior de Educação de Coimbra,detcursopi.asp?codc=9853&code=3062,http://maps.google.pt/maps?z=20&t=k&q=loc:40.20522+-8.405957
Educação Básica,"Instituto Politécnico da Guarda - Escola Superior de Educação, Comunicação e Desporto",detcursopi.asp?codc=9853&code=3091,http://maps.google.pt/maps?z=20&t=k&q=loc:40.54139+-7.28329
Educação Básica,Instituto Politécnico de Leiria - Escola Superior de Educação e Ciências Sociais,detcursopi.asp?codc=9853&code=3101,http://maps.google.pt/maps?z=20&t=k&q=loc:39.73972+-8.811389
Educação Básica,Instituto Politécnico de Lisboa - Escola Superior de Educação,detcursopi.asp?codc=9853&code=3112,http://maps.google.pt/maps?z=20&t=k&q=loc:38.74616+-9.195106
Educação Básica,Instituto Politécnico de Portalegre - Escola Superior de Educação e Ciências Sociais,detcursopi.asp?codc=9853&code=3121,http://maps.google.pt/maps?z=20&t=k&q=loc:39.28958+-7.429967
Educação Básica,Instituto Politécnico do Porto - Escola Superior de Educação,detcursopi.asp?codc=9853&code=3131,http://maps.google.pt/maps?z=20&t=k&q=loc:41.1799+-8.598137
Educação Básica,Instituto Politécnico de Santarém - Escola Superior de Educação de Santarém,detcursopi.asp?codc=9853&code=3142,http://maps.google.pt/maps?z=20&t=k&q=loc:39.22225+-8.688641
Educação Básica,Instituto Politécnico de Setúbal - Escola Superior de Educação,detcursopi.asp?codc=9853&code=3151,http://maps.google.pt/maps?z=20&t=k&q=loc:38.51978+-8.838278
Educação Básica,Instituto Politécnico de Viana do Castelo - Escola Superior de Educação,detcursopi.asp?codc=9853&code=3162,http://maps.google.pt/maps?z=20&t=k&q=loc:41.70303+-8.820739
Educação Básica,Instituto Politécnico de Viseu - Escola Superior de Educação de Viseu,detcursopi.asp?codc=9853&code=3181,http://maps.google.pt/maps?z=20&t=k&q=loc:40.66005+-7.913927
Educação Básica,Universidade do Algarve - Escola Superior de Educação e Comunicação,detcursopi.asp?codc=9853&code=3081,http://maps.google.pt/maps?z=20&t=k&q=loc:37.02903+-7.922722
Educação Básica,"ISPA - Instituto Universitário de Ciências Psicológicas, Sociais e da Vida",detcursopi.asp?codc=9853&code=4450,http://maps.google.pt/maps?z=20&t=k&q=loc:38.71216+-9.125942
Educação Básica,Escola Superior de Educação de Fafe,detcursopi.asp?codc=9853&code=4076,http://maps.google.pt/maps?z=20&t=k&q=loc:41.46357+-8.153696
Educação Básica,Escola Superior de Educação de João de Deus,detcursopi.asp?codc=9853&code=4080,http://maps.google.pt/maps?z=20&t=k&q=loc:38.71589+-9.158396
Educação Básica,Escola Superior de Educação de Paula Frassinetti,detcursopi.asp?codc=9853&code=4085,http://maps.google.pt/maps?z=20&t=k&q=loc:41.16028+-8.6025
Educação Básica,Instituto Politécnico Jean Piaget do Norte - Escola Superior de Desporto e Educação Jean Piaget de Vila Nova de Gaia,detcursopi.asp?codc=9853&code=4627,http://maps.google.pt/maps?z=20&t=k&q=loc:41.07755+-8.635221
Educação Básica,Instituto Politécnico Jean Piaget do Sul - Escola Superior de Educação Jean Piaget de Almada,detcursopi.asp?codc=9853&code=4601,http://maps.google.pt/maps?z=20&t=k&q=loc:39.61613+-9.17839
Educação Básica,Instituto Politécnico da Lusofonia - Escola Superior de Educação da Lusofonia,detcursopi.asp?codc=9853&code=4616,http://maps.google.pt/maps?z=20&t=k&q=loc:38.74674+-9.100184
Educação Básica,Instituto Superior de Ciências Educativas do Douro,detcursopi.asp?codc=9853&code=4271,http://maps.google.pt/maps?z=20&t=k&q=loc:41.12039+-8.172403
Educação Básica,ISCE - Instituto Superior de Lisboa e Vale do Tejo,detcursopi.asp?codc=9853&code=4270,http://maps.google.pt/maps?z=20&t=k&q=loc:38.8064+-9.191853
Educação Básica,ISEC Lisboa - Instituto Superior de Educação e Ciências,detcursopi.asp?codc=9853&code=4298,http://maps.google.pt/maps?z=20&t=k&q=loc:38.76894+-9.15895
Educação Básica (regime pós-laboral),Instituto Politécnico de Lisboa - Escola Superior de Educação,detcursopi.asp?codc=9876&code=3112,http://maps.google.pt/maps?z=20&t=k&q=loc:38.74616+-9.195106
Educação Física e Desporto,Universidade da Madeira - Faculdade de Ciências Sociais,detcursopi.asp?codc=9736&code=1308,http://maps.google.pt/maps?z=20&t=k&q=loc:32.65928+-16.9251
Educação Física e Desporto,Instituto Superior de Estudos Interculturais e Transdisciplinares de Almada,detcursopi.asp?codc=9736&code=4306,http://maps.google.pt/maps?z=20&t=k&q=loc:38.6664+-9.1769
Educação Física e Desporto,Universidade da Maia,detcursopi.asp?codc=9736&code=4630,http://maps.google.pt/maps?z=20&t=k&q=loc:41.26779+-8.617047
Educação e Formação,Universidade de Lisboa - Instituto de Educação,detcursopi.asp?codc=L040&code=1513,http://maps.google.pt/maps?z=20&t=k&q=loc:38.75282+-9.155494
Educação Musical,Instituto Politécnico do Porto - Escola Superior de Educação,detcursopi.asp?codc=9878&code=3131,http://maps.google.pt/maps?z=20&t=k&q=loc:41.1799+-8.598137
Educação Social,Instituto Politécnico de Bragança - Escola Superior de Educação de Bragança,detcursopi.asp?codc=9084&code=3042,http://maps.google.pt/maps?z=20&t=k&q=loc:41.7977+-6.7672
Educação Social,Instituto Politécnico de Leiria - Escola Superior de Educação e Ciências Sociais,detcursopi.asp?codc=9084&code=3101,http://maps.google.pt/maps?z=20&t=k&q=loc:39.73972+-8.811389
Educação Social,Instituto Politécnico de Portalegre - Escola Superior de Educação e Ciências Sociais,detcursopi.asp?codc=9084&code=3121,http://maps.google.pt/maps?z=20&t=k&q=loc:39.28958+-7.429967
Educação Social,Instituto Politécnico do Porto - Escola Superior de Educação,detcursopi.asp?codc=9084&code=3131,http://maps.google.pt/maps?z=20&t=k&q=loc:41.1799+-8.598137
Educação Social,Instituto Politécnico de Santarém - Escola Superior de Educação de Santarém,detcursopi.asp?codc=9084&code=3142,http://maps.google.pt/maps?z=20&t=k&q=loc:39.22225+-8.688641
Educação Social,Instituto Politécnico de Viseu - Escola Superior de Educação de Viseu,detcursopi.asp?codc=9084&code=3181,http://maps.google.pt/maps?z=20&t=k&q=loc:40.66005+-7.913927
Educação Social,Universidade do Algarve - Escola Superior de Educação e Comunicação,detcursopi.asp?codc=9084&code=3081,http://maps.google.pt/maps?z=20&t=k&q=loc:37.02903+-7.922722
Educação Social,Universidade Portucalense Infante D. Henrique,detcursopi.asp?codc=9084&code=2500,http://maps.google.pt/maps?z=20&t=k&q=loc:41.18032+-8.605047
Educação Social,Escola Superior de Educação de Fafe,detcursopi.asp?codc=9084&code=4076,http://maps.google.pt/maps?z=20&t=k&q=loc:41.46357+-8.153696
Educação Social,Escola Superior de Educação de Paula Frassinetti,detcursopi.asp?codc=9084&code=4085,http://maps.google.pt/maps?z=20&t=k&q=loc:41.16028+-8.6025
Educação Social,Instituto Politécnico Jean Piaget do Norte - Escola Superior de Desporto e Educação Jean Piaget de Vila Nova de Gaia,detcursopi.asp?codc=9084&code=4627,http://maps.google.pt/maps?z=20&t=k&q=loc:41.07755+-8.635221
Educação Social,Instituto Politécnico Jean Piaget do Sul - Escola Superior de Educação Jean Piaget de Almada,detcursopi.asp?codc=9084&code=4601,http://maps.google.pt/maps?z=20&t=k&q=loc:39.61613+-9.17839
Educação Social,"Instituto Politécnico da Maia - Escola Superior de Ciências Sociais, Educação e Desporto",detcursopi.asp?codc=9084&code=4581,http://maps.google.pt/maps?z=20&t=k&q=loc:41.26783+-8.6172
Educação Social,Instituto Superior de Ciências Educativas do Douro,detcursopi.asp?codc=9084&code=4271,http://maps.google.pt/maps?z=20&t=k&q=loc:41.12039+-8.172403
Educação Social,Instituto Superior de Ciências da Informação e da Administração,detcursopi.asp?codc=9084&code=4277,http://maps.google.pt/maps?z=20&t=k&q=loc:40.63694+-8.6325
Educação Social,ISCE - Instituto Superior de Lisboa e Vale do Tejo,detcursopi.asp?codc=9084&code=4270,http://maps.google.pt/maps?z=20&t=k&q=loc:38.8064+-9.191853
Educação Social Gerontológica,"Instituto Politécnico da Guarda - Escola Superior de Educação, Comunicação e Desporto",detcursopi.asp?codc=9473&code=3091,http://maps.google.pt/maps?z=20&t=k&q=loc:40.54139+-7.28329
Educação Social (regime pós-laboral),Instituto Politécnico do Porto - Escola Superior de Educação,detcursopi.asp?codc=9879&code=3131,http://maps.google.pt/maps?z=20&t=k&q=loc:41.1799+-8.598137
Eletrónica e Mecânica Industrial,Universidade de Aveiro - Escola Superior de Tecnologia e Gestão de Águeda,detcursopi.asp?codc=L194&code=3012,http://maps.google.pt/maps?z=20&t=k&q=loc:40.57429+-8.444219
Empreendedorismo,Instituto Superior Miguel Torga,detcursopi.asp?codc=L185&code=4500,http://maps.google.pt/maps?z=20&t=k&q=loc:40.21349+-8.41318
Energia e Ambiente,Instituto Politécnico da Guarda - Escola Superior de Tecnologia e Gestão,detcursopi.asp?codc=9855&code=3092,http://maps.google.pt/maps?z=20&t=k&q=loc:40.54139+-7.28329
Energias Renováveis,Universidade da Maia,detcursopi.asp?codc=9934&code=4630,http://maps.google.pt/maps?z=20&t=k&q=loc:41.26779+-8.617047
Energias Renováveis e Ambiente,ISEC Lisboa - Instituto Superior de Educação e Ciências,detcursopi.asp?codc=8522&code=4298,http://maps.google.pt/maps?z=20&t=k&q=loc:38.76894+-9.15895
Enfermagem,Escola Superior de Enfermagem de Lisboa,detcursopi.asp?codc=9500&code=7002,http://maps.google.pt/maps?z=20&t=k&q=loc:38.75698+-9.14607
Enfermagem,Instituto Politécnico de Beja - Escola Superior de Saúde,detcursopi.asp?codc=9500&code=7005,http://maps.google.pt/maps?z=20&t=k&q=loc:38.01457+-7.875266
Enfermagem,Instituto Politécnico de Bragança - Escola Superior de Saúde de Bragança,detcursopi.asp?codc=9500&code=7015,http://maps.google.pt/maps?z=20&t=k&q=loc:41.80336+-6.76559
Enfermagem,Instituto Politécnico de Castelo Branco - Escola Superior de Saúde Dr. Lopes Dias,detcursopi.asp?codc=9500&code=7020,http://maps.google.pt/maps?z=20&t=k&q=loc:39.82057+-7.51405
Enfermagem,Instituto Politécnico da Guarda - Escola Superior de Saúde da Guarda,detcursopi.asp?codc=9500&code=7040,http://maps.google.pt/maps?z=20&t=k&q=loc:40.52968+-7.276771
Enfermagem,Instituto Politécnico de Leiria - Escola Superior de Saúde,detcursopi.asp?codc=9500&code=7045,http://maps.google.pt/maps?z=20&t=k&q=loc:39.73278+-8.820556
Enfermagem,Instituto Politécnico de Portalegre - Escola Superior de Saúde,detcursopi.asp?codc=9500&code=7055,http://maps.google.pt/maps?z=20&t=k&q=loc:39.30038+-7.425994
Enfermagem,Instituto Politécnico de Santarém - Escola Superior de Saúde de Santarém,detcursopi.asp?codc=9500&code=7065,http://maps.google.pt/maps?z=20&t=k&q=loc:39.24598+-8.701129
Enfermagem,Instituto Politécnico de Setúbal - Escola Superior de Saúde,detcursopi.asp?codc=9500&code=3155,http://maps.google.pt/maps?z=20&t=k&q=loc:38.52306+-8.841667
Enfermagem,Instituto Politécnico de Viana do Castelo - Escola Superior de Saúde,detcursopi.asp?codc=9500&code=7075,http://maps.google.pt/maps?z=20&t=k&q=loc:41.69738+-8.834974
Enfermagem,Instituto Politécnico de Viseu - Escola Superior de Saúde de Viseu,detcursopi.asp?codc=9500&code=7085,http://maps.google.pt/maps?z=20&t=k&q=loc:40.65262+-7.905071
Enfermagem,Universidade dos Açores - Escola Superior de Saúde - Angra do Heroísmo,detcursopi.asp?codc=9500&code=7092,http://maps.google.pt/maps?z=20&t=k&q=loc:38.6585+-27.234
Enfermagem,Universidade dos Açores - Escola Superior de Saúde - Ponta Delgada,detcursopi.asp?codc=9500&code=7093,http://maps.google.pt/maps?z=20&t=k&q=loc:37.74654+-25.66221
Enfermagem,Universidade do Algarve - Escola Superior de Saúde,detcursopi.asp?codc=9500&code=7035,http://maps.google.pt/maps?z=20&t=k&q=loc:37.04394+-7.972298
Enfermagem,Universidade de Aveiro - Escola Superior de Saúde de Aveiro,detcursopi.asp?codc=9500&code=3013,http://maps.google.pt/maps?z=20&t=k&q=loc:40.62451+-8.659866
Enfermagem,Universidade de Coimbra - Escola Superior de Enfermagem,detcursopi.asp?codc=9500&code=7240,http://maps.google.pt/maps?z=20&t=k&q=loc:40.21857+-8.409519
Enfermagem,Universidade de Évora - Escola Superior de Enfermagem de São João de Deus,detcursopi.asp?codc=9500&code=7030,http://maps.google.pt/maps?z=20&t=k&q=loc:38.56826+-7.902039
Enfermagem,Universidade da Madeira - Escola Superior de Saúde,detcursopi.asp?codc=9500&code=1320,http://maps.google.pt/maps?z=20&t=k&q=loc:32.65945+-16.92655
Enfermagem,Universidade do Minho - Escola Superior de Enfermagem,detcursopi.asp?codc=9500&code=7010,http://maps.google.pt/maps?z=20&t=k&q=loc:41.33338+-8.23543
Enfermagem,Universidade do Porto - Escola Superior de Enfermagem,detcursopi.asp?codc=9500&code=7270,http://maps.google.pt/maps?z=20&t=k&q=loc:41.18211+-8.603922
Enfermagem,Universidade de Trás-os-Montes e Alto Douro - Escola Superior de Saúde,detcursopi.asp?codc=9500&code=7080,http://maps.google.pt/maps?z=20&t=k&q=loc:41.28739+-7.738986
Enfermagem,Escola Superior de Enfermagem São Francisco das Misericórdias,detcursopi.asp?codc=9500&code=4096,http://maps.google.pt/maps?z=20&t=k&q=loc:38.72448+-9.146054
Enfermagem,Escola Superior de Enfermagem de São José de Cluny,detcursopi.asp?codc=9500&code=4098,http://maps.google.pt/maps?z=20&t=k&q=loc:32.66711+-16.90464
Enfermagem,Escola Superior de Saúde Atlântica,detcursopi.asp?codc=9500&code=4590,http://maps.google.pt/maps?z=20&t=k&q=loc:38.74141+-9.284575
Enfermagem,Escola Superior de Saúde Cruz Vermelha Portuguesa - Alto Tâmega,detcursopi.asp?codc=9500&code=4110,http://maps.google.pt/maps?z=20&t=k&q=loc:41.7811+-7.447647
Enfermagem,Escola Superior de Saúde da Cruz Vermelha Portuguesa - Lisboa,detcursopi.asp?codc=9500&code=4091,http://maps.google.pt/maps?z=20&t=k&q=loc:38.71442+-9.176041
Enfermagem,Escola Superior de Saúde Egas Moniz,detcursopi.asp?codc=9500&code=4106,http://maps.google.pt/maps?z=20&t=k&q=loc:38.6669+-9.200091
Enfermagem,Escola Superior de Saúde da Fundação «Fernando Pessoa»,detcursopi.asp?codc=9500&code=4620,http://maps.google.pt/maps?z=20&t=k&q=loc:41.17316+-8.608274
Enfermagem,Escola Superior de Saúde Jean Piaget de Viseu,detcursopi.asp?codc=9500&code=4103,http://maps.google.pt/maps?z=20&t=k&q=loc:40.73678+-7.939917
Enfermagem,Escola Superior de Saúde Norte da Cruz Vermelha Portuguesa,detcursopi.asp?codc=9500&code=4089,http://maps.google.pt/maps?z=20&t=k&q=loc:40.83691+-8.472358
Enfermagem,Escola Superior de Saúde de Santa Maria,detcursopi.asp?codc=9500&code=4097,http://maps.google.pt/maps?z=20&t=k&q=loc:41.16033+-8.609315
Enfermagem,Instituto Politécnico Jean Piaget do Norte - Escola Superior de Saúde Jean Piaget de Vila Nova de Gaia,detcursopi.asp?codc=9500&code=4626,http://maps.google.pt/maps?z=20&t=k&q=loc:41.07755+-8.635221
Enfermagem,Instituto Politécnico Jean Piaget do Sul - Escola Superior de Saúde Jean Piaget do Algarve,detcursopi.asp?codc=9500&code=4603,http://maps.google.pt/maps?z=20&t=k&q=loc:37.1964+-8.4336
Enfermagem,Instituto Politécnico da Lusofonia - Escola Superior de Saúde Ribeiro Sanches,detcursopi.asp?codc=9500&code=4614,http://maps.google.pt/maps?z=20&t=k&q=loc:38.74674+-9.100184
Enfermagem,Instituto Politécnico de Saúde do Norte - CESPU - Escola Superior de Enfermagem do Tâmega e Sousa,detcursopi.asp?codc=9500&code=4113,http://maps.google.pt/maps?z=20&t=k&q=loc:41.20715+-8.283265
Enfermagem,Instituto Politécnico de Saúde do Norte - CESPU - Escola Superior de Saúde do Vale do Ave,detcursopi.asp?codc=9500&code=4108,http://maps.google.pt/maps?z=20&t=k&q=loc:41.40671+-8.515314
Enfermagem,ISAVE - Instituto Superior de Saúde,detcursopi.asp?codc=9500&code=4460,http://maps.google.pt/maps?z=20&t=k&q=loc:41.63487+-8.350614
Enfermagem,Universidade Católica Portuguesa - Escola de Enfermagem (Lisboa),detcursopi.asp?codc=9500&code=2218,
Enfermagem,Universidade Católica Portuguesa - Escola de Enfermagem (Porto),detcursopi.asp?codc=9500&code=2219,http://maps.google.pt/maps?z=20&t=k&q=loc:41.15398+-8.673013
Enfermagem (entrada no 2.º semestre),Instituto Politécnico de Bragança - Escola Superior de Saúde de Bragança,detcursopi.asp?codc=9501&code=7015,http://maps.google.pt/maps?z=20&t=k&q=loc:41.80336+-6.76559
Enfermagem Veterinária,Instituto Politécnico de Bragança - Escola Superior Agrária de Bragança,detcursopi.asp?codc=9085&code=3041,http://maps.google.pt/maps?z=20&t=k&q=loc:41.79774+-6.767192
Enfermagem Veterinária,Instituto Politécnico de Castelo Branco - Escola Superior Agrária de Castelo Branco,detcursopi.asp?codc=9085&code=3051,http://maps.google.pt/maps?z=20&t=k&q=loc:39.82086+-7.46249
Enfermagem Veterinária,Instituto Politécnico de Coimbra - Escola Superior Agrária de Coimbra,detcursopi.asp?codc=9085&code=3061,http://maps.google.pt/maps?z=20&t=k&q=loc:40.21421+-8.450982
Enfermagem Veterinária,Instituto Politécnico de Portalegre - Escola Superior de Biociências de Elvas,detcursopi.asp?codc=9085&code=3125,http://maps.google.pt/maps?z=20&t=k&q=loc:38.8809+-7.167167
Enfermagem Veterinária,Instituto Politécnico de Santarém - Escola Superior Agrária de Santarém,detcursopi.asp?codc=9085&code=3141,http://maps.google.pt/maps?z=20&t=k&q=loc:39.24965+-8.697347
Enfermagem Veterinária,Instituto Politécnico de Viana do Castelo - Escola Superior Agrária,detcursopi.asp?codc=9085&code=3161,http://maps.google.pt/maps?z=20&t=k&q=loc:41.79271+-8.54231
Enfermagem Veterinária,Instituto Politécnico de Viseu - Escola Superior Agrária de Viseu,detcursopi.asp?codc=9085&code=3185,http://maps.google.pt/maps?z=20&t=k&q=loc:40.64135+-7.910146
Enfermagem Veterinária,Escola Superior de Saúde Egas Moniz,detcursopi.asp?codc=9085&code=4106,http://maps.google.pt/maps?z=20&t=k&q=loc:38.6669+-9.200091
Enfermagem Veterinária,"Instituto Politécnico da Lusofonia - Escola Superior de Saúde, Proteção e Bem-Estar Animal",detcursopi.asp?codc=9085&code=4615,http://maps.google.pt/maps?z=20&t=k&q=loc:38.74674+-9.100184
Enfermagem Veterinária,Instituto Politécnico de Saúde do Norte - CESPU - Escola Superior de Tecnologias da Saúde do Tâmega e Sousa,detcursopi.asp?codc=9085&code=4109,http://maps.google.pt/maps?z=20&t=k&q=loc:41.18351+-8.445928
Engenharia Aeroespacial,Universidade de Aveiro,detcursopi.asp?codc=L221&code=0300,http://maps.google.pt/maps?z=20&t=k&q=loc:40.63118+-8.657394
Engenharia Aeroespacial,Universidade de Évora - Escola de Ciências e Tecnologia,detcursopi.asp?codc=L221&code=0602,http://maps.google.pt/maps?z=20&t=k&q=loc:38.56832+-7.910306
Engenharia Aeroespacial,Universidade de Lisboa - Instituto Superior Técnico,detcursopi.asp?codc=L221&code=1518,http://maps.google.pt/maps?z=20&t=k&q=loc:38.73688+-9.13691
Engenharia Aeroespacial,Universidade do Minho,detcursopi.asp?codc=L221&code=1000,http://maps.google.pt/maps?z=20&t=k&q=loc:41.33284+-8.253481
Engenharia Aeroespacial,Universidade do Porto - Faculdade de Engenharia,detcursopi.asp?codc=L221&code=1105,http://maps.google.pt/maps?z=20&t=k&q=loc:41.1781+-8.598157
Engenharia Aeronáutica,Universidade da Beira Interior,detcursopi.asp?codc=9740&code=0400,http://maps.google.pt/maps?z=20&t=k&q=loc:40.27736+-7.508574
Engenharia Aeronáutica,Atlântica - Instituto Universitário,detcursopi.asp?codc=9740&code=2710,http://maps.google.pt/maps?z=20&t=k&q=loc:38.74141+-9.284575
Engenharia Agronómica,Universidade de Lisboa - Instituto Superior de Agronomia,detcursopi.asp?codc=9086&code=1515,http://maps.google.pt/maps?z=20&t=k&q=loc:38.70623+-9.182634
Engenharia Agronómica,Universidade do Porto - Faculdade de Ciências,detcursopi.asp?codc=9086&code=1103,http://maps.google.pt/maps?z=20&t=k&q=loc:41.15242+-8.637816
Engenharia Agronómica,Instituto Politécnico de Bragança - Escola Superior Agrária de Bragança,detcursopi.asp?codc=9086&code=3041,http://maps.google.pt/maps?z=20&t=k&q=loc:41.79774+-6.767192
Engenharia Agronómica,Instituto Politécnico de Viseu - Escola Superior Agrária de Viseu,detcursopi.asp?codc=9086&code=3185,http://maps.google.pt/maps?z=20&t=k&q=loc:40.64135+-7.910146
Engenharia Alimentar,Universidade de Lisboa - Instituto Superior de Agronomia,detcursopi.asp?codc=9087&code=1515,http://maps.google.pt/maps?z=20&t=k&q=loc:38.70623+-9.182634
Engenharia Alimentar,Instituto Politécnico de Bragança - Escola Superior Agrária de Bragança,detcursopi.asp?codc=9087&code=3041,http://maps.google.pt/maps?z=20&t=k&q=loc:41.79774+-6.767192
Engenharia Alimentar,Instituto Politécnico de Leiria - Escola Superior de Turismo e Tecnologia do Mar,detcursopi.asp?codc=9087&code=3105,http://maps.google.pt/maps?z=20&t=k&q=loc:39.36472+-9.403056
Engenharia Alimentar,Instituto Politécnico de Viseu - Escola Superior Agrária de Viseu,detcursopi.asp?codc=9087&code=3185,http://maps.google.pt/maps?z=20&t=k&q=loc:40.64135+-7.910146
Engenharia do Ambiente,Universidade de Aveiro,detcursopi.asp?codc=9099&code=0300,http://maps.google.pt/maps?z=20&t=k&q=loc:40.63118+-8.657394
Engenharia do Ambiente,Universidade de Coimbra - Faculdade de Ciências e Tecnologia,detcursopi.asp?codc=9099&code=0501,http://maps.google.pt/maps?z=20&t=k&q=loc:40.18623+-8.412266
Engenharia do Ambiente,Universidade de Lisboa - Instituto Superior de Agronomia,detcursopi.asp?codc=9099&code=1515,http://maps.google.pt/maps?z=20&t=k&q=loc:38.70623+-9.182634
Engenharia do Ambiente,Universidade de Lisboa - Instituto Superior Técnico,detcursopi.asp?codc=9099&code=1518,http://maps.google.pt/maps?z=20&t=k&q=loc:38.73688+-9.13691
Engenharia do Ambiente,Universidade Nova de Lisboa - Faculdade de Ciências e Tecnologia,detcursopi.asp?codc=9099&code=0903,http://maps.google.pt/maps?z=20&t=k&q=loc:38.66165+-9.206682
Engenharia do Ambiente,Universidade do Porto - Faculdade de Engenharia,detcursopi.asp?codc=9099&code=1105,http://maps.google.pt/maps?z=20&t=k&q=loc:41.1781+-8.598157
Engenharia do Ambiente,Instituto Politécnico de Beja - Escola Superior Agrária,detcursopi.asp?codc=9099&code=3021,http://maps.google.pt/maps?z=20&t=k&q=loc:38.01277+-7.872949
Engenharia do Ambiente,Instituto Politécnico de Bragança - Escola Superior Agrária de Bragança,detcursopi.asp?codc=9099&code=3041,http://maps.google.pt/maps?z=20&t=k&q=loc:41.79774+-6.767192
Engenharia do Ambiente e Geoinformática,Instituto Politécnico de Viana do Castelo - Escola Superior Agrária,detcursopi.asp?codc=L164&code=3161,http://maps.google.pt/maps?z=20&t=k&q=loc:41.79271+-8.54231
Engenharia de Automação Industrial,Universidade de Aveiro,detcursopi.asp?codc=L202&code=0300,http://maps.google.pt/maps?z=20&t=k&q=loc:40.63118+-8.657394
"Engenharia de Automação, Controlo e Instrumentação",Instituto Politécnico de Setúbal - Escola Superior de Tecnologia de Setúbal,detcursopi.asp?codc=9092&code=3152,http://maps.google.pt/maps?z=20&t=k&q=loc:38.52167+-8.839167
Engenharia Automóvel,Instituto Politécnico de Leiria - Escola Superior de Tecnologia e Gestão,detcursopi.asp?codc=9741&code=3102,http://maps.google.pt/maps?z=20&t=k&q=loc:39.73444+-8.821389
Engenharia Biológica,Universidade de Lisboa - Instituto Superior Técnico,detcursopi.asp?codc=9474&code=1518,http://maps.google.pt/maps?z=20&t=k&q=loc:38.73688+-9.13691
Engenharia Biomédica,Universidade de Aveiro,detcursopi.asp?codc=9455&code=0300,http://maps.google.pt/maps?z=20&t=k&q=loc:40.63118+-8.657394
Engenharia Biomédica,Universidade de Coimbra - Faculdade de Ciências e Tecnologia,detcursopi.asp?codc=9455&code=0501,http://maps.google.pt/maps?z=20&t=k&q=loc:40.18623+-8.412266
Engenharia Biomédica,Universidade de Lisboa - Instituto Superior Técnico,detcursopi.asp?codc=9455&code=1518,http://maps.google.pt/maps?z=20&t=k&q=loc:38.73688+-9.13691
Engenharia Biomédica,Universidade da Madeira - Faculdade de Ciências Exatas e da Engenharia,detcursopi.asp?codc=9455&code=1307,http://maps.google.pt/maps?z=20&t=k&q=loc:32.65928+-16.9251
Engenharia Biomédica,Universidade do Minho,detcursopi.asp?codc=9455&code=1000,http://maps.google.pt/maps?z=20&t=k&q=loc:41.33284+-8.253481
Engenharia Biomédica,Universidade Nova de Lisboa - Faculdade de Ciências e Tecnologia,detcursopi.asp?codc=9455&code=0903,http://maps.google.pt/maps?z=20&t=k&q=loc:38.66165+-9.206682
Engenharia Biomédica,Universidade de Trás-os-Montes e Alto Douro - Escola de Ciências e Tecnologia,detcursopi.asp?codc=9455&code=1203,http://maps.google.pt/maps?z=20&t=k&q=loc:41.28739+-7.738986
Engenharia Biomédica,Instituto Politécnico de Coimbra - Instituto Superior de Engenharia de Coimbra,detcursopi.asp?codc=9455&code=3064,http://maps.google.pt/maps?z=20&t=k&q=loc:40.1929+-8.412338
Engenharia Biomédica,Instituto Politécnico de Lisboa - Instituto Superior de Engenharia de Lisboa,detcursopi.asp?codc=9455&code=3118,http://maps.google.pt/maps?z=20&t=k&q=loc:38.75568+-9.113923
Engenharia Biomédica,Instituto Politécnico do Porto - Instituto Superior de Engenharia do Porto,detcursopi.asp?codc=9455&code=3135,http://maps.google.pt/maps?z=20&t=k&q=loc:41.17834+-8.606863
Engenharia Biomédica e Biofísica,Universidade de Lisboa - Faculdade de Ciências,detcursopi.asp?codc=L204&code=1503,http://maps.google.pt/maps?z=20&t=k&q=loc:38.75676+-9.155387
Engenharia Civil,Universidade de Aveiro,detcursopi.asp?codc=9089&code=0300,http://maps.google.pt/maps?z=20&t=k&q=loc:40.63118+-8.657394
Engenharia Civil,Universidade da Beira Interior,detcursopi.asp?codc=9089&code=0400,http://maps.google.pt/maps?z=20&t=k&q=loc:40.27736+-7.508574
Engenharia Civil,Universidade de Coimbra - Faculdade de Ciências e Tecnologia,detcursopi.asp?codc=9089&code=0501,http://maps.google.pt/maps?z=20&t=k&q=loc:40.18623+-8.412266
Engenharia Civil,Universidade de Lisboa - Instituto Superior Técnico,detcursopi.asp?codc=9089&code=1518,http://maps.google.pt/maps?z=20&t=k&q=loc:38.73688+-9.13691
Engenharia Civil,Universidade da Madeira - Faculdade de Ciências Exatas e da Engenharia,detcursopi.asp?codc=9089&code=1307,http://maps.google.pt/maps?z=20&t=k&q=loc:32.65928+-16.9251
Engenharia Civil,Universidade do Minho,detcursopi.asp?codc=9089&code=1000,http://maps.google.pt/maps?z=20&t=k&q=loc:41.33284+-8.253481
Engenharia Civil,Universidade Nova de Lisboa - Faculdade de Ciências e Tecnologia,detcursopi.asp?codc=9089&code=0903,http://maps.google.pt/maps?z=20&t=k&q=loc:38.66165+-9.206682
Engenharia Civil,Universidade do Porto - Faculdade de Engenharia,detcursopi.asp?codc=9089&code=1105,http://maps.google.pt/maps?z=20&t=k&q=loc:41.1781+-8.598157
Engenharia Civil,Universidade de Trás-os-Montes e Alto Douro - Escola de Ciências e Tecnologia,detcursopi.asp?codc=9089&code=1203,http://maps.google.pt/maps?z=20&t=k&q=loc:41.28739+-7.738986
Engenharia Civil,Instituto Politécnico de Bragança - Escola Superior de Tecnologia e de Gestão de Bragança,detcursopi.asp?codc=9089&code=3043,http://maps.google.pt/maps?z=20&t=k&q=loc:41.79637+-6.7689
Engenharia Civil,Instituto Politécnico de Castelo Branco - Escola Superior de Tecnologia de Castelo Branco,detcursopi.asp?codc=9089&code=3053,http://maps.google.pt/maps?z=20&t=k&q=loc:39.81956+-7.511883
Engenharia Civil,Instituto Politécnico de Coimbra - Instituto Superior de Engenharia de Coimbra,detcursopi.asp?codc=9089&code=3064,http://maps.google.pt/maps?z=20&t=k&q=loc:40.1929+-8.412338
Engenharia Civil,Instituto Politécnico da Guarda - Escola Superior de Tecnologia e Gestão,detcursopi.asp?codc=9089&code=3092,http://maps.google.pt/maps?z=20&t=k&q=loc:40.54139+-7.28329
Engenharia Civil,Instituto Politécnico de Leiria - Escola Superior de Tecnologia e Gestão,detcursopi.asp?codc=9089&code=3102,http://maps.google.pt/maps?z=20&t=k&q=loc:39.73444+-8.821389
Engenharia Civil,Instituto Politécnico de Lisboa - Instituto Superior de Engenharia de Lisboa,detcursopi.asp?codc=9089&code=3118,http://maps.google.pt/maps?z=20&t=k&q=loc:38.75568+-9.113923
Engenharia Civil,"Instituto Politécnico de Portalegre - Escola Superior de Tecnologia, Gestão e Design",detcursopi.asp?codc=9089&code=3124,http://maps.google.pt/maps?z=20&t=k&q=loc:39.26868+-7.4425
Engenharia Civil,Instituto Politécnico do Porto - Instituto Superior de Engenharia do Porto,detcursopi.asp?codc=9089&code=3135,http://maps.google.pt/maps?z=20&t=k&q=loc:41.17834+-8.606863
Engenharia Civil,Instituto Politécnico de Setúbal - Escola Superior de Tecnologia do Barreiro,detcursopi.asp?codc=9089&code=3154,http://maps.google.pt/maps?z=20&t=k&q=loc:38.65239+-9.04896
Engenharia Civil,Instituto Politécnico de Tomar - Escola Superior de Tecnologia de Tomar,detcursopi.asp?codc=9089&code=3242,http://maps.google.pt/maps?z=20&t=k&q=loc:39.59896+-8.389722
Engenharia Civil,Instituto Politécnico de Viseu - Escola Superior de Tecnologia e Gestão de Viseu,detcursopi.asp?codc=9089&code=3182,http://maps.google.pt/maps?z=20&t=k&q=loc:40.64449+-7.921137
Engenharia Civil,Universidade do Algarve - Instituto Superior de Engenharia,detcursopi.asp?codc=9089&code=3083,http://maps.google.pt/maps?z=20&t=k&q=loc:37.03847+-7.922417
Engenharia Civil,Escola Superior de Actividades Imobiliárias,detcursopi.asp?codc=9089&code=4020,http://maps.google.pt/maps?z=20&t=k&q=loc:38.74368+-9.113525
Engenharia Civil e do Ambiente,Instituto Politécnico de Viana do Castelo - Escola Superior de Tecnologia e Gestão,detcursopi.asp?codc=9743&code=3163,http://maps.google.pt/maps?z=20&t=k&q=loc:41.69424+-8.846658
Engenharia Civil (regime noturno),Instituto Politécnico de Setúbal - Escola Superior de Tecnologia do Barreiro,detcursopi.asp?codc=9090&code=3154,http://maps.google.pt/maps?z=20&t=k&q=loc:38.65239+-9.04896
Engenharia da Computação Gráfica e Multimédia,Instituto Politécnico de Viana do Castelo - Escola Superior de Tecnologia e Gestão,detcursopi.asp?codc=8407&code=3163,http://maps.google.pt/maps?z=20&t=k&q=loc:41.69424+-8.846658
Engenharia Computacional,Universidade de Aveiro,detcursopi.asp?codc=L223&code=0300,http://maps.google.pt/maps?z=20&t=k&q=loc:40.63118+-8.657394
Engenharia de Computadores e Informática,Universidade de Aveiro,detcursopi.asp?codc=L217&code=0300,http://maps.google.pt/maps?z=20&t=k&q=loc:40.63118+-8.657394
Engenharia de Comunicações e de Informação,Universidade Nova de Lisboa - Faculdade de Ciências e Tecnologia,detcursopi.asp?codc=L358&code=0903,http://maps.google.pt/maps?z=20&t=k&q=loc:38.66165+-9.206682
Engenharia e Design Industrial,Instituto Superior D. Dinis,detcursopi.asp?codc=L263&code=4292,http://maps.google.pt/maps?z=20&t=k&q=loc:39.74083+-8.92663
Engenharia Eletrónica e de Telecomunicações,Universidade Autónoma de Lisboa Luís de Camões,detcursopi.asp?codc=L110&code=2100,http://maps.google.pt/maps?z=20&t=k&q=loc:38.72433+-9.14589
Engenharia Eletromecânica,Universidade da Beira Interior,detcursopi.asp?codc=9105&code=0400,http://maps.google.pt/maps?z=20&t=k&q=loc:40.27736+-7.508574
Engenharia Eletromecânica,Instituto Politécnico de Coimbra - Instituto Superior de Engenharia de Coimbra,detcursopi.asp?codc=9105&code=3064,http://maps.google.pt/maps?z=20&t=k&q=loc:40.1929+-8.412338
Engenharia Eletrónica,Universidade de Lisboa - Instituto Superior Técnico (Tagus Park),detcursopi.asp?codc=9912&code=1519,http://maps.google.pt/maps?z=20&t=k&q=loc:38.73723+-9.302337
Engenharia Eletrónica e de Automação,Instituto Superior Politécnico Gaya - Escola Superior de Ciência e Tecnologia,detcursopi.asp?codc=9106&code=4442,http://maps.google.pt/maps?z=20&t=k&q=loc:41.11968+-8.623498
Engenharia Eletrónica Industrial e Computadores,Universidade do Minho,detcursopi.asp?codc=L218&code=1000,http://maps.google.pt/maps?z=20&t=k&q=loc:41.33284+-8.253481
Engenharia Eletrónica e Informática,Universidade Lusíada - Centro Universitário Lusíada - Norte - Vila Nova de Famalicão,detcursopi.asp?codc=9547&code=2450,http://maps.google.pt/maps?z=20&t=k&q=loc:41.41021+-8.522896
Engenharia Eletrónica e Telecomunicações,Universidade da Madeira - Faculdade de Ciências Exatas e da Engenharia,detcursopi.asp?codc=9107&code=1307,http://maps.google.pt/maps?z=20&t=k&q=loc:32.65928+-16.9251
Engenharia Eletrónica e Telecomunicações e de Computadores,Instituto Politécnico de Lisboa - Instituto Superior de Engenharia de Lisboa,detcursopi.asp?codc=9108&code=3118,http://maps.google.pt/maps?z=20&t=k&q=loc:38.75568+-9.113923
Engenharia Eletrotécnica,Instituto Politécnico de Lisboa - Instituto Superior de Engenharia de Lisboa,detcursopi.asp?codc=9109&code=3118,http://maps.google.pt/maps?z=20&t=k&q=loc:38.75568+-9.113923
Engenharia Eletrotécnica,Instituto Politécnico de Viseu - Escola Superior de Tecnologia e Gestão de Viseu,detcursopi.asp?codc=9109&code=3182,http://maps.google.pt/maps?z=20&t=k&q=loc:40.64449+-7.921137
Engenharia Eletrotécnica e de Computadores,Universidade da Beira Interior,detcursopi.asp?codc=9112&code=0400,http://maps.google.pt/maps?z=20&t=k&q=loc:40.27736+-7.508574
Engenharia Eletrotécnica e de Computadores,Instituto Politécnico de Bragança - Escola Superior de Tecnologia e de Gestão de Bragança,detcursopi.asp?codc=9112&code=3043,http://maps.google.pt/maps?z=20&t=k&q=loc:41.79637+-6.7689
Engenharia Eletrotécnica e de Computadores,Instituto Politécnico do Cávado e do Ave - Escola Superior de Tecnologia,detcursopi.asp?codc=9112&code=3032,http://maps.google.pt/maps?z=20&t=k&q=loc:41.53448+-8.628122
Engenharia Eletrotécnica e de Computadores,Instituto Politécnico de Leiria - Escola Superior de Tecnologia e Gestão,detcursopi.asp?codc=9112&code=3102,http://maps.google.pt/maps?z=20&t=k&q=loc:39.73444+-8.821389
Engenharia Eletrotécnica e de Computadores,Instituto Politécnico do Porto - Instituto Superior de Engenharia do Porto,detcursopi.asp?codc=9112&code=3135,http://maps.google.pt/maps?z=20&t=k&q=loc:41.17834+-8.606863
Engenharia Eletrotécnica e de Computadores,Instituto Politécnico de Setúbal - Escola Superior de Tecnologia de Setúbal,detcursopi.asp?codc=9112&code=3152,http://maps.google.pt/maps?z=20&t=k&q=loc:38.52167+-8.839167
Engenharia Eletrotécnica e de Computadores,Instituto Politécnico de Tomar - Escola Superior de Tecnologia de Tomar,detcursopi.asp?codc=9112&code=3242,http://maps.google.pt/maps?z=20&t=k&q=loc:39.59896+-8.389722
Engenharia Eletrotécnica e de Computadores,Universidade de Aveiro,detcursopi.asp?codc=L209&code=0300,http://maps.google.pt/maps?z=20&t=k&q=loc:40.63118+-8.657394
Engenharia Eletrotécnica e de Computadores,Universidade de Coimbra - Faculdade de Ciências e Tecnologia,detcursopi.asp?codc=L209&code=0501,http://maps.google.pt/maps?z=20&t=k&q=loc:40.18623+-8.412266
Engenharia Eletrotécnica e de Computadores,Universidade de Lisboa - Instituto Superior Técnico,detcursopi.asp?codc=L209&code=1518,http://maps.google.pt/maps?z=20&t=k&q=loc:38.73688+-9.13691
Engenharia Eletrotécnica e de Computadores,Universidade Nova de Lisboa - Faculdade de Ciências e Tecnologia,detcursopi.asp?codc=L209&code=0903,http://maps.google.pt/maps?z=20&t=k&q=loc:38.66165+-9.206682
Engenharia Eletrotécnica e de Computadores,Universidade do Porto - Faculdade de Engenharia,detcursopi.asp?codc=L209&code=1105,http://maps.google.pt/maps?z=20&t=k&q=loc:41.1781+-8.598157
Engenharia Eletrotécnica e de Computadores,Universidade de Trás-os-Montes e Alto Douro - Escola de Ciências e Tecnologia,detcursopi.asp?codc=L209&code=1203,http://maps.google.pt/maps?z=20&t=k&q=loc:41.28739+-7.738986
Engenharia Eletrotécnica e de Computadores,Instituto Politécnico de Coimbra - Instituto Superior de Engenharia de Coimbra,detcursopi.asp?codc=L209&code=3064,http://maps.google.pt/maps?z=20&t=k&q=loc:40.1929+-8.412338
Engenharia Eletrotécnica e de Computadores,Universidade do Algarve - Instituto Superior de Engenharia,detcursopi.asp?codc=L209&code=3083,http://maps.google.pt/maps?z=20&t=k&q=loc:37.03847+-7.922417
Engenharia Eletrotécnica e de Computadores (regime noturno),Instituto Politécnico de Leiria - Escola Superior de Tecnologia e Gestão,detcursopi.asp?codc=L266&code=3102,http://maps.google.pt/maps?z=20&t=k&q=loc:39.73444+-8.821389
Engenharia Eletrotécnica Marítima,Escola Superior Náutica Infante D. Henrique,detcursopi.asp?codc=L118&code=7105,http://maps.google.pt/maps?z=20&t=k&q=loc:38.69206+-9.298875
Engenharia Eletrotécnica Militar,Instituto Universitário Militar - Academia Militar,detcursopi.asp?codc=L238&code=7711,http://maps.google.pt/maps?z=20&t=k&q=loc:38.72643+-9.140553
Engenharia Eletrotécnica - Sistemas Elétricos de Energia,Instituto Politécnico do Porto - Instituto Superior de Engenharia do Porto,detcursopi.asp?codc=9110&code=3135,http://maps.google.pt/maps?z=20&t=k&q=loc:41.17834+-8.606863
Engenharia Eletrotécnica e das Telecomunicações,Instituto Politécnico de Castelo Branco - Escola Superior de Tecnologia de Castelo Branco,detcursopi.asp?codc=9111&code=3053,http://maps.google.pt/maps?z=20&t=k&q=loc:39.81956+-7.511883
Engenharia em Desenvolvimento de Jogos Digitais,Instituto Politécnico do Cávado e do Ave - Escola Superior de Tecnologia,detcursopi.asp?codc=8311&code=3032,http://maps.google.pt/maps?z=20&t=k&q=loc:41.53448+-8.628122
Engenharia da Energia e do Ambiente,Instituto Politécnico de Leiria - Escola Superior de Tecnologia e Gestão,detcursopi.asp?codc=9648&code=3102,http://maps.google.pt/maps?z=20&t=k&q=loc:39.73444+-8.821389
Engenharia da Energia e Ambiente,Universidade de Lisboa - Faculdade de Ciências,detcursopi.asp?codc=L214&code=1503,http://maps.google.pt/maps?z=20&t=k&q=loc:38.75676+-9.155387
Engenharia das Energias Renováveis,Instituto Politécnico de Castelo Branco - Escola Superior de Tecnologia de Castelo Branco,detcursopi.asp?codc=8463&code=3053,http://maps.google.pt/maps?z=20&t=k&q=loc:39.81956+-7.511883
Engenharia de Energias Renováveis,Universidade de Évora - Escola de Ciências e Tecnologia,detcursopi.asp?codc=9910&code=0602,http://maps.google.pt/maps?z=20&t=k&q=loc:38.56832+-7.910306
Engenharia de Energias Renováveis,Instituto Politécnico de Bragança - Escola Superior de Tecnologia e de Gestão de Bragança,detcursopi.asp?codc=9910&code=3043,http://maps.google.pt/maps?z=20&t=k&q=loc:41.79637+-6.7689
Engenharia Física,Universidade de Aveiro,detcursopi.asp?codc=9113&code=0300,http://maps.google.pt/maps?z=20&t=k&q=loc:40.63118+-8.657394
Engenharia Física,Universidade de Coimbra - Faculdade de Ciências e Tecnologia,detcursopi.asp?codc=9113&code=0501,http://maps.google.pt/maps?z=20&t=k&q=loc:40.18623+-8.412266
Engenharia Física,Universidade de Lisboa - Faculdade de Ciências,detcursopi.asp?codc=9113&code=1503,http://maps.google.pt/maps?z=20&t=k&q=loc:38.75676+-9.155387
Engenharia Física,Universidade do Minho,detcursopi.asp?codc=9113&code=1000,http://maps.google.pt/maps?z=20&t=k&q=loc:41.33284+-8.253481
Engenharia Física,Universidade Nova de Lisboa - Faculdade de Ciências e Tecnologia,detcursopi.asp?codc=9113&code=0903,http://maps.google.pt/maps?z=20&t=k&q=loc:38.66165+-9.206682
Engenharia Física,Universidade do Porto - Faculdade de Ciências,detcursopi.asp?codc=9113&code=1103,http://maps.google.pt/maps?z=20&t=k&q=loc:41.15242+-8.637816
Engenharia Física,Universidade de Trás-os-Montes e Alto Douro - Escola de Ciências e Tecnologia,detcursopi.asp?codc=9113&code=1203,http://maps.google.pt/maps?z=20&t=k&q=loc:41.28739+-7.738986
Engenharia Física Aplicada,Instituto Politécnico de Lisboa - Instituto Superior de Engenharia de Lisboa,detcursopi.asp?codc=L213&code=3118,http://maps.google.pt/maps?z=20&t=k&q=loc:38.75568+-9.113923
Engenharia Física e Computacional,Universidade da Madeira - Faculdade de Ciências Exatas e da Engenharia,detcursopi.asp?codc=L367&code=1307,http://maps.google.pt/maps?z=20&t=k&q=loc:32.65928+-16.9251
Engenharia Física Tecnológica,Universidade de Lisboa - Instituto Superior Técnico,detcursopi.asp?codc=L233&code=1518,http://maps.google.pt/maps?z=20&t=k&q=loc:38.73688+-9.13691
Engenharia Florestal e dos Recursos Naturais,Universidade de Lisboa - Instituto Superior de Agronomia,detcursopi.asp?codc=8377&code=1515,http://maps.google.pt/maps?z=20&t=k&q=loc:38.70623+-9.182634
Engenharia Geoespacial,Universidade de Lisboa - Faculdade de Ciências,detcursopi.asp?codc=L096&code=1503,http://maps.google.pt/maps?z=20&t=k&q=loc:38.75676+-9.155387
Engenharia Geoespacial,Universidade do Porto - Faculdade de Ciências,detcursopi.asp?codc=L096&code=1103,http://maps.google.pt/maps?z=20&t=k&q=loc:41.15242+-8.637816
Engenharia Geotécnica e Geoambiente,Instituto Politécnico do Porto - Instituto Superior de Engenharia do Porto,detcursopi.asp?codc=9117&code=3135,http://maps.google.pt/maps?z=20&t=k&q=loc:41.17834+-8.606863
Engenharia e Gestão Industrial,Universidade de Aveiro,detcursopi.asp?codc=9104&code=0300,http://maps.google.pt/maps?z=20&t=k&q=loc:40.63118+-8.657394
Engenharia e Gestão Industrial,Universidade da Beira Interior,detcursopi.asp?codc=9104&code=0400,http://maps.google.pt/maps?z=20&t=k&q=loc:40.27736+-7.508574
Engenharia e Gestão Industrial,Universidade de Coimbra - Faculdade de Ciências e Tecnologia,detcursopi.asp?codc=9104&code=0501,http://maps.google.pt/maps?z=20&t=k&q=loc:40.18623+-8.412266
Engenharia e Gestão Industrial,Universidade de Lisboa - Instituto Superior Técnico (Tagus Park),detcursopi.asp?codc=9104&code=1519,http://maps.google.pt/maps?z=20&t=k&q=loc:38.73723+-9.302337
Engenharia e Gestão Industrial,Universidade do Minho,detcursopi.asp?codc=9104&code=1000,http://maps.google.pt/maps?z=20&t=k&q=loc:41.33284+-8.253481
Engenharia e Gestão Industrial,Universidade Nova de Lisboa - Faculdade de Ciências e Tecnologia,detcursopi.asp?codc=9104&code=0903,http://maps.google.pt/maps?z=20&t=k&q=loc:38.66165+-9.206682
Engenharia e Gestão Industrial,Universidade do Porto - Faculdade de Engenharia,detcursopi.asp?codc=9104&code=1105,http://maps.google.pt/maps?z=20&t=k&q=loc:41.1781+-8.598157
Engenharia e Gestão Industrial,Universidade de Trás-os-Montes e Alto Douro - Escola de Ciências e Tecnologia,detcursopi.asp?codc=9104&code=1203,http://maps.google.pt/maps?z=20&t=k&q=loc:41.28739+-7.738986
Engenharia e Gestão Industrial,Instituto Politécnico de Bragança - Escola Superior de Tecnologia e de Gestão de Bragança,detcursopi.asp?codc=9104&code=3043,http://maps.google.pt/maps?z=20&t=k&q=loc:41.79637+-6.7689
Engenharia e Gestão Industrial,Instituto Politécnico de Castelo Branco - Escola Superior de Tecnologia de Castelo Branco,detcursopi.asp?codc=9104&code=3053,http://maps.google.pt/maps?z=20&t=k&q=loc:39.81956+-7.511883
Engenharia e Gestão Industrial,Instituto Politécnico do Cávado e do Ave - Escola Superior de Tecnologia,detcursopi.asp?codc=9104&code=3032,http://maps.google.pt/maps?z=20&t=k&q=loc:41.53448+-8.628122
Engenharia e Gestão Industrial,Instituto Politécnico de Coimbra - Instituto Superior de Engenharia de Coimbra,detcursopi.asp?codc=9104&code=3064,http://maps.google.pt/maps?z=20&t=k&q=loc:40.1929+-8.412338
Engenharia e Gestão Industrial,Instituto Politécnico de Leiria - Escola Superior de Tecnologia e Gestão,detcursopi.asp?codc=9104&code=3102,http://maps.google.pt/maps?z=20&t=k&q=loc:39.73444+-8.821389
Engenharia e Gestão Industrial,Instituto Politécnico do Porto - Instituto Superior de Engenharia do Porto,detcursopi.asp?codc=9104&code=3135,http://maps.google.pt/maps?z=20&t=k&q=loc:41.17834+-8.606863
Engenharia e Gestão Industrial,Universidade Lusíada - Centro Universitário Lusíada - Norte - Vila Nova de Famalicão,detcursopi.asp?codc=9104&code=2450,http://maps.google.pt/maps?z=20&t=k&q=loc:41.41021+-8.522896
Engenharia e Gestão Industrial,Universidade Portucalense Infante D. Henrique,detcursopi.asp?codc=9104&code=2500,http://maps.google.pt/maps?z=20&t=k&q=loc:41.18032+-8.605047
Engenharia e Gestão da Produção Aeronáutica,Instituto Superior D. Dinis,detcursopi.asp?codc=L320&code=4292,http://maps.google.pt/maps?z=20&t=k&q=loc:39.74083+-8.92663
Engenharia e Gestão da Produção de Moldes,Instituto Superior D. Dinis,detcursopi.asp?codc=L225&code=4292,http://maps.google.pt/maps?z=20&t=k&q=loc:39.74083+-8.92663
Engenharia e Gestão de Sistemas de Informação,Universidade do Minho,detcursopi.asp?codc=L215&code=1000,http://maps.google.pt/maps?z=20&t=k&q=loc:41.33284+-8.253481
Engenharia e Gestão da Tecnologia Industrial,Instituto Superior D. Dinis,detcursopi.asp?codc=L328&code=4292,http://maps.google.pt/maps?z=20&t=k&q=loc:39.74083+-8.92663
Engenharia Informática,ISCTE - Instituto Universitário de Lisboa,detcursopi.asp?codc=9119&code=6800,http://maps.google.pt/maps?z=20&t=k&q=loc:38.74875+-9.153692
Engenharia Informática,Universidade do Algarve - Faculdade de Ciências e Tecnologia,detcursopi.asp?codc=9119&code=0203,http://maps.google.pt/maps?z=20&t=k&q=loc:37.04408+-7.972222
Engenharia Informática,Universidade de Aveiro,detcursopi.asp?codc=9119&code=0300,http://maps.google.pt/maps?z=20&t=k&q=loc:40.63118+-8.657394
Engenharia Informática,Universidade da Beira Interior,detcursopi.asp?codc=9119&code=0400,http://maps.google.pt/maps?z=20&t=k&q=loc:40.27736+-7.508574
Engenharia Informática,Universidade de Coimbra - Faculdade de Ciências e Tecnologia,detcursopi.asp?codc=9119&code=0501,http://maps.google.pt/maps?z=20&t=k&q=loc:40.18623+-8.412266
Engenharia Informática,Universidade de Évora - Escola de Ciências e Tecnologia,detcursopi.asp?codc=9119&code=0602,http://maps.google.pt/maps?z=20&t=k&q=loc:38.56832+-7.910306
Engenharia Informática,Universidade de Lisboa - Faculdade de Ciências,detcursopi.asp?codc=9119&code=1503,http://maps.google.pt/maps?z=20&t=k&q=loc:38.75676+-9.155387
Engenharia Informática,Universidade da Madeira - Faculdade de Ciências Exatas e da Engenharia,detcursopi.asp?codc=9119&code=1307,http://maps.google.pt/maps?z=20&t=k&q=loc:32.65928+-16.9251
Engenharia Informática,Universidade do Minho,detcursopi.asp?codc=9119&code=1000,http://maps.google.pt/maps?z=20&t=k&q=loc:41.33284+-8.253481
Engenharia Informática,Universidade Nova de Lisboa - Faculdade de Ciências e Tecnologia,detcursopi.asp?codc=9119&code=0903,http://maps.google.pt/maps?z=20&t=k&q=loc:38.66165+-9.206682
Engenharia Informática,Universidade de Trás-os-Montes e Alto Douro - Escola de Ciências e Tecnologia,detcursopi.asp?codc=9119&code=1203,http://maps.google.pt/maps?z=20&t=k&q=loc:41.28739+-7.738986
Engenharia Informática,Instituto Politécnico de Beja - Escola Superior de Tecnologia e de Gestão,detcursopi.asp?codc=9119&code=3023,http://maps.google.pt/maps?z=20&t=k&q=loc:38.01572+-7.875266
Engenharia Informática,Instituto Politécnico de Bragança - Escola Superior de Tecnologia e de Gestão de Bragança,detcursopi.asp?codc=9119&code=3043,http://maps.google.pt/maps?z=20&t=k&q=loc:41.79637+-6.7689
Engenharia Informática,Instituto Politécnico de Castelo Branco - Escola Superior de Tecnologia de Castelo Branco,detcursopi.asp?codc=9119&code=3053,http://maps.google.pt/maps?z=20&t=k&q=loc:39.81956+-7.511883
Engenharia Informática,Instituto Politécnico de Coimbra - Escola Superior de Tecnologia e Gestão de Oliveira do Hospital,detcursopi.asp?codc=9119&code=3065,http://maps.google.pt/maps?z=20&t=k&q=loc:40.36106+-7.861083
Engenharia Informática,Instituto Politécnico de Coimbra - Instituto Superior de Engenharia de Coimbra,detcursopi.asp?codc=9119&code=3064,http://maps.google.pt/maps?z=20&t=k&q=loc:40.1929+-8.412338
Engenharia Informática,Instituto Politécnico da Guarda - Escola Superior de Tecnologia e Gestão,detcursopi.asp?codc=9119&code=3092,http://maps.google.pt/maps?z=20&t=k&q=loc:40.54139+-7.28329
Engenharia Informática,Instituto Politécnico de Leiria - Escola Superior de Tecnologia e Gestão,detcursopi.asp?codc=9119&code=3102,http://maps.google.pt/maps?z=20&t=k&q=loc:39.73444+-8.821389
Engenharia Informática,"Instituto Politécnico de Portalegre - Escola Superior de Tecnologia, Gestão e Design",detcursopi.asp?codc=9119&code=3124,http://maps.google.pt/maps?z=20&t=k&q=loc:39.26868+-7.4425
Engenharia Informática,Instituto Politécnico do Porto - Escola Superior de Tecnologia e Gestão,detcursopi.asp?codc=9119&code=3138,http://maps.google.pt/maps?z=20&t=k&q=loc:41.36677+-8.194765
Engenharia Informática,Instituto Politécnico do Porto - Instituto Superior de Engenharia do Porto,detcursopi.asp?codc=9119&code=3135,http://maps.google.pt/maps?z=20&t=k&q=loc:41.17834+-8.606863
Engenharia Informática,Instituto Politécnico de Setúbal - Escola Superior de Tecnologia de Setúbal,detcursopi.asp?codc=9119&code=3152,http://maps.google.pt/maps?z=20&t=k&q=loc:38.52167+-8.839167
Engenharia Informática,Instituto Politécnico de Tomar - Escola Superior de Tecnologia de Tomar,detcursopi.asp?codc=9119&code=3242,http://maps.google.pt/maps?z=20&t=k&q=loc:39.59896+-8.389722
Engenharia Informática,Instituto Politécnico de Viana do Castelo - Escola Superior de Tecnologia e Gestão,detcursopi.asp?codc=9119&code=3163,http://maps.google.pt/maps?z=20&t=k&q=loc:41.69424+-8.846658
Engenharia Informática,Instituto Politécnico de Viseu - Escola Superior de Tecnologia e Gestão de Viseu,detcursopi.asp?codc=9119&code=3182,http://maps.google.pt/maps?z=20&t=k&q=loc:40.64449+-7.921137
Engenharia Informática,Instituto Superior Manuel Teixeira Gomes,detcursopi.asp?codc=9119&code=4375,http://maps.google.pt/maps?z=20&t=k&q=loc:37.14078+-8.535942
Engenharia Informática,Universidade Autónoma de Lisboa Luís de Camões,detcursopi.asp?codc=9119&code=2100,http://maps.google.pt/maps?z=20&t=k&q=loc:38.72433+-9.14589
Engenharia Informática,Universidade Europeia,detcursopi.asp?codc=9119&code=4350,http://maps.google.pt/maps?z=20&t=k&q=loc:38.77668+-9.193758
Engenharia Informática,Universidade Fernando Pessoa,detcursopi.asp?codc=9119&code=2750,http://maps.google.pt/maps?z=20&t=k&q=loc:41.17292+-8.611185
Engenharia Informática,Universidade Lusíada - Centro Universitário Lusíada - Lisboa,detcursopi.asp?codc=9119&code=2410,http://maps.google.pt/maps?z=20&t=k&q=loc:38.69799+-9.192036
Engenharia Informática,Universidade Portucalense Infante D. Henrique,detcursopi.asp?codc=9119&code=2500,http://maps.google.pt/maps?z=20&t=k&q=loc:41.18032+-8.605047
Engenharia Informática,Instituto Politécnico Jean Piaget do Sul - Escola Superior de Tecnologia e Gestão Jean Piaget,detcursopi.asp?codc=9119&code=4602,http://maps.google.pt/maps?z=20&t=k&q=loc:38.6664+-9.1769
Engenharia Informática,Instituto Superior Politécnico Gaya - Escola Superior de Ciência e Tecnologia,detcursopi.asp?codc=9119&code=4442,http://maps.google.pt/maps?z=20&t=k&q=loc:41.11968+-8.623498
Engenharia Informática,Instituto Superior de Tecnologias Avançadas de Lisboa,detcursopi.asp?codc=9119&code=4530,http://maps.google.pt/maps?z=20&t=k&q=loc:38.76894+-9.15895
Engenharia Informática,Instituto Superior de Tecnologias Avançadas do Porto,detcursopi.asp?codc=9119&code=4640,http://maps.google.pt/maps?z=20&t=k&q=loc:41.16667+-8.593643
Engenharia Informática,ISLA - Instituto Politécnico de Gestão e Tecnologia - Escola Superior de Tecnologia,detcursopi.asp?codc=9119&code=4572,http://maps.google.pt/maps?z=20&t=k&q=loc:41.12411+-8.614039
Engenharia Informática,ISLA Santarém - Instituto Politécnico - Escola Superior de Engenharia e Tecnologia,detcursopi.asp?codc=9119&code=4662,
Engenharia Informática (Curso Europeu),Instituto Politécnico de Coimbra - Instituto Superior de Engenharia de Coimbra,detcursopi.asp?codc=9770&code=3064,http://maps.google.pt/maps?z=20&t=k&q=loc:40.1929+-8.412338
Engenharia Informática e Aplicações,Instituto Politécnico da Lusofonia - Escola Superior de Engenharia e Tecnologias,detcursopi.asp?codc=L293&code=4613,http://maps.google.pt/maps?z=20&t=k&q=loc:38.74674+-9.100184
Engenharia Informática Aplicada,Universidade de Aveiro - Escola Superior de Tecnologia e Gestão de Águeda,detcursopi.asp?codc=L346&code=3012,http://maps.google.pt/maps?z=20&t=k&q=loc:40.57429+-8.444219
Engenharia Informática e Computação,Universidade do Porto - Faculdade de Engenharia,detcursopi.asp?codc=L224&code=1105,http://maps.google.pt/maps?z=20&t=k&q=loc:41.1781+-8.598157
Engenharia Informática e de Computadores,Universidade de Lisboa - Instituto Superior Técnico,detcursopi.asp?codc=9121&code=1518,http://maps.google.pt/maps?z=20&t=k&q=loc:38.73688+-9.13691
Engenharia Informática e de Computadores,Universidade de Lisboa - Instituto Superior Técnico (Tagus Park),detcursopi.asp?codc=9121&code=1519,http://maps.google.pt/maps?z=20&t=k&q=loc:38.73723+-9.302337
Engenharia Informática e de Computadores,Escola Superior Náutica Infante D. Henrique,detcursopi.asp?codc=9121&code=7105,http://maps.google.pt/maps?z=20&t=k&q=loc:38.69206+-9.298875
Engenharia Informática e de Computadores,Instituto Politécnico de Lisboa - Instituto Superior de Engenharia de Lisboa,detcursopi.asp?codc=9121&code=3118,http://maps.google.pt/maps?z=20&t=k&q=loc:38.75568+-9.113923
Engenharia Informática Médica,Instituto Politécnico do Cávado e do Ave - Escola Superior de Tecnologia,detcursopi.asp?codc=L181&code=3032,http://maps.google.pt/maps?z=20&t=k&q=loc:41.53448+-8.628122
Engenharia Informática e Multimédia,Instituto Politécnico de Lisboa - Instituto Superior de Engenharia de Lisboa,detcursopi.asp?codc=L052&code=3118,http://maps.google.pt/maps?z=20&t=k&q=loc:38.75568+-9.113923
"Engenharia Informática, Redes e Telecomunicações",Instituto Politécnico de Lisboa - Instituto Superior de Engenharia de Lisboa,detcursopi.asp?codc=L119&code=3118,http://maps.google.pt/maps?z=20&t=k&q=loc:38.75568+-9.113923
Engenharia Informática (regime pós-laboral),ISCTE - Instituto Universitário de Lisboa,detcursopi.asp?codc=9885&code=6800,http://maps.google.pt/maps?z=20&t=k&q=loc:38.74875+-9.153692
Engenharia Informática (regime pós-laboral),Instituto Politécnico de Coimbra - Instituto Superior de Engenharia de Coimbra,detcursopi.asp?codc=9885&code=3064,http://maps.google.pt/maps?z=20&t=k&q=loc:40.1929+-8.412338
Engenharia Informática (regime pós-laboral),Instituto Politécnico de Leiria - Escola Superior de Tecnologia e Gestão,detcursopi.asp?codc=9885&code=3102,http://maps.google.pt/maps?z=20&t=k&q=loc:39.73444+-8.821389
Engenharia Informática e Telecomunicações,Instituto Politécnico de Viseu - Escola Superior de Tecnologia e Gestão de Lamego,detcursopi.asp?codc=9122&code=3186,http://maps.google.pt/maps?z=20&t=k&q=loc:41.09662+-7.808191
Engenharia de Máquinas Marítimas,Escola Superior Náutica Infante D. Henrique,detcursopi.asp?codc=9745&code=7105,http://maps.google.pt/maps?z=20&t=k&q=loc:38.69206+-9.298875
Engenharia de Materiais,Universidade de Aveiro,detcursopi.asp?codc=9096&code=0300,http://maps.google.pt/maps?z=20&t=k&q=loc:40.63118+-8.657394
Engenharia de Materiais,Universidade de Lisboa - Instituto Superior Técnico,detcursopi.asp?codc=9096&code=1518,http://maps.google.pt/maps?z=20&t=k&q=loc:38.73688+-9.13691
Engenharia de Materiais,Universidade do Minho,detcursopi.asp?codc=9096&code=1000,http://maps.google.pt/maps?z=20&t=k&q=loc:41.33284+-8.253481
Engenharia de Materiais,Universidade Nova de Lisboa - Faculdade de Ciências e Tecnologia,detcursopi.asp?codc=9096&code=0903,http://maps.google.pt/maps?z=20&t=k&q=loc:38.66165+-9.206682
Engenharia de Materiais,Universidade do Porto - Faculdade de Engenharia,detcursopi.asp?codc=9096&code=1105,http://maps.google.pt/maps?z=20&t=k&q=loc:41.1781+-8.598157
Engenharia Mecânica,Universidade de Aveiro,detcursopi.asp?codc=9123&code=0300,http://maps.google.pt/maps?z=20&t=k&q=loc:40.63118+-8.657394
Engenharia Mecânica,Universidade de Coimbra - Faculdade de Ciências e Tecnologia,detcursopi.asp?codc=9123&code=0501,http://maps.google.pt/maps?z=20&t=k&q=loc:40.18623+-8.412266
Engenharia Mecânica,Universidade de Lisboa - Instituto Superior Técnico,detcursopi.asp?codc=9123&code=1518,http://maps.google.pt/maps?z=20&t=k&q=loc:38.73688+-9.13691
Engenharia Mecânica,Universidade do Minho,detcursopi.asp?codc=9123&code=1000,http://maps.google.pt/maps?z=20&t=k&q=loc:41.33284+-8.253481
Engenharia Mecânica,Universidade Nova de Lisboa - Faculdade de Ciências e Tecnologia,detcursopi.asp?codc=9123&code=0903,http://maps.google.pt/maps?z=20&t=k&q=loc:38.66165+-9.206682
Engenharia Mecânica,Universidade do Porto - Faculdade de Engenharia,detcursopi.asp?codc=9123&code=1105,http://maps.google.pt/maps?z=20&t=k&q=loc:41.1781+-8.598157
Engenharia Mecânica,Universidade de Trás-os-Montes e Alto Douro - Escola de Ciências e Tecnologia,detcursopi.asp?codc=9123&code=1203,http://maps.google.pt/maps?z=20&t=k&q=loc:41.28739+-7.738986
Engenharia Mecânica,Instituto Politécnico de Bragança - Escola Superior de Tecnologia e de Gestão de Bragança,detcursopi.asp?codc=9123&code=3043,http://maps.google.pt/maps?z=20&t=k&q=loc:41.79637+-6.7689
Engenharia Mecânica,Instituto Politécnico de Coimbra - Instituto Superior de Engenharia de Coimbra,detcursopi.asp?codc=9123&code=3064,http://maps.google.pt/maps?z=20&t=k&q=loc:40.1929+-8.412338
Engenharia Mecânica,Instituto Politécnico de Leiria - Escola Superior de Tecnologia e Gestão,detcursopi.asp?codc=9123&code=3102,http://maps.google.pt/maps?z=20&t=k&q=loc:39.73444+-8.821389
Engenharia Mecânica,Instituto Politécnico de Lisboa - Instituto Superior de Engenharia de Lisboa,detcursopi.asp?codc=9123&code=3118,http://maps.google.pt/maps?z=20&t=k&q=loc:38.75568+-9.113923
Engenharia Mecânica,Instituto Politécnico do Porto - Instituto Superior de Engenharia do Porto,detcursopi.asp?codc=9123&code=3135,http://maps.google.pt/maps?z=20&t=k&q=loc:41.17834+-8.606863
Engenharia Mecânica,Instituto Politécnico de Setúbal - Escola Superior de Tecnologia de Setúbal,detcursopi.asp?codc=9123&code=3152,http://maps.google.pt/maps?z=20&t=k&q=loc:38.52167+-8.839167
Engenharia Mecânica,Instituto Politécnico de Tomar - Escola Superior de Tecnologia de Abrantes,detcursopi.asp?codc=9123&code=3243,http://maps.google.pt/maps?z=20&t=k&q=loc:39.46782+-8.207817
Engenharia Mecânica,Instituto Politécnico de Viana do Castelo - Escola Superior de Tecnologia e Gestão,detcursopi.asp?codc=9123&code=3163,http://maps.google.pt/maps?z=20&t=k&q=loc:41.69424+-8.846658
Engenharia Mecânica,Instituto Politécnico de Viseu - Escola Superior de Tecnologia e Gestão de Viseu,detcursopi.asp?codc=9123&code=3182,http://maps.google.pt/maps?z=20&t=k&q=loc:40.64449+-7.921137
Engenharia Mecânica,Universidade do Algarve - Instituto Superior de Engenharia,detcursopi.asp?codc=9123&code=3083,http://maps.google.pt/maps?z=20&t=k&q=loc:37.03847+-7.922417
Engenharia Mecânica,Atlântica - Instituto Universitário,detcursopi.asp?codc=9123&code=2710,http://maps.google.pt/maps?z=20&t=k&q=loc:38.74141+-9.284575
Engenharia Mecânica,Universidade Lusíada - Centro Universitário Lusíada - Norte - Vila Nova de Famalicão,detcursopi.asp?codc=9123&code=2450,http://maps.google.pt/maps?z=20&t=k&q=loc:41.41021+-8.522896
Engenharia Mecânica,Instituto Superior Politécnico Gaya - Escola Superior de Ciência e Tecnologia,detcursopi.asp?codc=9123&code=4442,http://maps.google.pt/maps?z=20&t=k&q=loc:41.11968+-8.623498
Engenharia Mecânica Automóvel,Instituto Politécnico do Porto - Instituto Superior de Engenharia do Porto,detcursopi.asp?codc=9936&code=3135,http://maps.google.pt/maps?z=20&t=k&q=loc:41.17834+-8.606863
Engenharia Mecânica Computacional,Universidade da Beira Interior,detcursopi.asp?codc=L295&code=0400,http://maps.google.pt/maps?z=20&t=k&q=loc:40.27736+-7.508574
Engenharia Mecânica Militar,Instituto Universitário Militar - Academia Militar,detcursopi.asp?codc=L222&code=7711,http://maps.google.pt/maps?z=20&t=k&q=loc:38.72643+-9.140553
Engenharia Mecânica (regime pós-laboral),Instituto Politécnico de Leiria - Escola Superior de Tecnologia e Gestão,detcursopi.asp?codc=9886&code=3102,http://maps.google.pt/maps?z=20&t=k&q=loc:39.73444+-8.821389
Engenharia Mecatrónica,Universidade de Évora - Escola de Ciências e Tecnologia,detcursopi.asp?codc=9751&code=0602,http://maps.google.pt/maps?z=20&t=k&q=loc:38.56832+-7.910306
Engenharia Mecatrónica,Instituto Politécnico de Viana do Castelo - Escola Superior de Tecnologia e Gestão,detcursopi.asp?codc=9751&code=3163,http://maps.google.pt/maps?z=20&t=k&q=loc:41.69424+-8.846658
Engenharia de Micro e Nanotecnologias,Universidade Nova de Lisboa - Faculdade de Ciências e Tecnologia,detcursopi.asp?codc=L231&code=0903,http://maps.google.pt/maps?z=20&t=k&q=loc:38.66165+-9.206682
Engenharia Militar,Instituto Universitário Militar - Academia Militar,detcursopi.asp?codc=L228&code=7711,http://maps.google.pt/maps?z=20&t=k&q=loc:38.72643+-9.140553
Engenharia de Minas e Geo-Ambiente,Universidade do Porto - Faculdade de Engenharia,detcursopi.asp?codc=L236&code=1105,http://maps.google.pt/maps?z=20&t=k&q=loc:41.1781+-8.598157
Engenharia de Minas e Recursos Energéticos,Universidade de Lisboa - Instituto Superior Técnico,detcursopi.asp?codc=L239&code=1518,http://maps.google.pt/maps?z=20&t=k&q=loc:38.73688+-9.13691
Engenharia Multimédia,Instituto Superior de Tecnologias Avançadas de Lisboa,detcursopi.asp?codc=9124&code=4530,http://maps.google.pt/maps?z=20&t=k&q=loc:38.76894+-9.15895
Engenharia Multimédia,Instituto Superior de Tecnologias Avançadas do Porto,detcursopi.asp?codc=9124&code=4640,http://maps.google.pt/maps?z=20&t=k&q=loc:41.16667+-8.593643
Engenharia Naval e Oceânica,Universidade de Lisboa - Instituto Superior Técnico,detcursopi.asp?codc=L162&code=1518,http://maps.google.pt/maps?z=20&t=k&q=loc:38.73688+-9.13691
Engenharia de Polímeros,Universidade do Minho,detcursopi.asp?codc=L229&code=1000,http://maps.google.pt/maps?z=20&t=k&q=loc:41.33284+-8.253481
Engenharia de Produção de Biocombustíveis,"Instituto Politécnico de Portalegre - Escola Superior de Tecnologia, Gestão e Design",detcursopi.asp?codc=L309&code=3124,http://maps.google.pt/maps?z=20&t=k&q=loc:39.26868+-7.4425
Engenharia de Produção Industrial,Instituto Superior de Entre Douro e Vouga,detcursopi.asp?codc=9097&code=4283,http://maps.google.pt/maps?z=20&t=k&q=loc:40.92438+-8.544944
Engenharia de Proteção Civil,Instituto Politécnico de Castelo Branco - Escola Superior Agrária de Castelo Branco,detcursopi.asp?codc=8397&code=3051,http://maps.google.pt/maps?z=20&t=k&q=loc:39.82086+-7.46249
Engenharia de Proteção Civil,ISEC Lisboa - Instituto Superior de Educação e Ciências,detcursopi.asp?codc=8397&code=4298,http://maps.google.pt/maps?z=20&t=k&q=loc:38.76894+-9.15895
Engenharia Química,Universidade de Aveiro,detcursopi.asp?codc=9125&code=0300,http://maps.google.pt/maps?z=20&t=k&q=loc:40.63118+-8.657394
Engenharia Química,Universidade de Coimbra - Faculdade de Ciências e Tecnologia,detcursopi.asp?codc=9125&code=0501,http://maps.google.pt/maps?z=20&t=k&q=loc:40.18623+-8.412266
Engenharia Química,Universidade de Lisboa - Instituto Superior Técnico,detcursopi.asp?codc=9125&code=1518,http://maps.google.pt/maps?z=20&t=k&q=loc:38.73688+-9.13691
Engenharia Química,Universidade do Porto - Faculdade de Engenharia,detcursopi.asp?codc=9125&code=1105,http://maps.google.pt/maps?z=20&t=k&q=loc:41.1781+-8.598157
Engenharia Química,Instituto Politécnico de Bragança - Escola Superior de Tecnologia e de Gestão de Bragança,detcursopi.asp?codc=9125&code=3043,http://maps.google.pt/maps?z=20&t=k&q=loc:41.79637+-6.7689
Engenharia Química,Instituto Politécnico do Porto - Instituto Superior de Engenharia do Porto,detcursopi.asp?codc=9125&code=3135,http://maps.google.pt/maps?z=20&t=k&q=loc:41.17834+-8.606863
Engenharia Química e Biológica,Universidade do Minho,detcursopi.asp?codc=9126&code=1000,http://maps.google.pt/maps?z=20&t=k&q=loc:41.33284+-8.253481
Engenharia Química e Biológica,Universidade Nova de Lisboa - Faculdade de Ciências e Tecnologia,detcursopi.asp?codc=9126&code=0903,http://maps.google.pt/maps?z=20&t=k&q=loc:38.66165+-9.206682
Engenharia Química e Biológica,Instituto Politécnico de Lisboa - Instituto Superior de Engenharia de Lisboa,detcursopi.asp?codc=9126&code=3118,http://maps.google.pt/maps?z=20&t=k&q=loc:38.75568+-9.113923
Engenharia de Redes e Segurança Informática,Instituto Superior de Tecnologias Avançadas de Lisboa,detcursopi.asp?codc=L322&code=4530,http://maps.google.pt/maps?z=20&t=k&q=loc:38.76894+-9.15895
Engenharia de Redes e Sistemas de Computadores,Instituto Politécnico de Viana do Castelo - Escola Superior de Tecnologia e Gestão,detcursopi.asp?codc=L153&code=3163,http://maps.google.pt/maps?z=20&t=k&q=loc:41.69424+-8.846658
Engenharia da Segurança do Trabalho,ISLA - Instituto Politécnico de Gestão e Tecnologia - Escola Superior de Tecnologia,detcursopi.asp?codc=8187&code=4572,http://maps.google.pt/maps?z=20&t=k&q=loc:41.12411+-8.614039
Engenharia da Segurança do Trabalho,ISLA Santarém - Instituto Politécnico - Escola Superior de Engenharia e Tecnologia,detcursopi.asp?codc=8187&code=4662,
Engenharia de Sistemas,Instituto Politécnico do Porto - Instituto Superior de Engenharia do Porto,detcursopi.asp?codc=8316&code=3135,http://maps.google.pt/maps?z=20&t=k&q=loc:41.17834+-8.606863
Engenharia de Sistemas Informáticos,Instituto Politécnico do Cávado e do Ave - Escola Superior de Tecnologia,detcursopi.asp?codc=8409&code=3032,http://maps.google.pt/maps?z=20&t=k&q=loc:41.53448+-8.628122
Engenharia de Sistemas Informáticos (regime pós-laboral),Instituto Politécnico do Cávado e do Ave - Escola Superior de Tecnologia,detcursopi.asp?codc=8417&code=3032,http://maps.google.pt/maps?z=20&t=k&q=loc:41.53448+-8.628122
Engenharia de Sistemas e Tecnologias Informáticas,Universidade do Algarve - Instituto Superior de Engenharia,detcursopi.asp?codc=L269&code=3083,http://maps.google.pt/maps?z=20&t=k&q=loc:37.03847+-7.922417
Engenharia de Telecomunicações e Informática,ISCTE - Instituto Universitário de Lisboa,detcursopi.asp?codc=9098&code=6800,http://maps.google.pt/maps?z=20&t=k&q=loc:38.74875+-9.153692
Engenharia de Telecomunicações e Informática,Universidade de Lisboa - Instituto Superior Técnico (Tagus Park),detcursopi.asp?codc=9098&code=1519,http://maps.google.pt/maps?z=20&t=k&q=loc:38.73723+-9.302337
Engenharia de Telecomunicações e Informática,Universidade do Minho,detcursopi.asp?codc=9098&code=1000,http://maps.google.pt/maps?z=20&t=k&q=loc:41.33284+-8.253481
Engenharia de Telecomunicações e Informática,Instituto Politécnico do Porto - Instituto Superior de Engenharia do Porto,detcursopi.asp?codc=9098&code=3135,http://maps.google.pt/maps?z=20&t=k&q=loc:41.17834+-8.606863
Engenharia Têxtil,Universidade do Minho,detcursopi.asp?codc=9127&code=1000,http://maps.google.pt/maps?z=20&t=k&q=loc:41.33284+-8.253481
Engenharia Topográfica,Instituto Politécnico da Guarda - Escola Superior de Tecnologia e Gestão,detcursopi.asp?codc=9128&code=3092,http://maps.google.pt/maps?z=20&t=k&q=loc:40.54139+-7.28329
Engenharia Zootécnica,Universidade de Lisboa - Instituto Superior de Agronomia,detcursopi.asp?codc=9129&code=1515,http://maps.google.pt/maps?z=20&t=k&q=loc:38.70623+-9.182634
Engenharia Zootécnica,Instituto Politécnico de Bragança - Escola Superior Agrária de Bragança,detcursopi.asp?codc=9129&code=3041,http://maps.google.pt/maps?z=20&t=k&q=loc:41.79774+-6.767192
Engenharia Zootécnica,Instituto Politécnico de Viseu - Escola Superior Agrária de Viseu,detcursopi.asp?codc=9129&code=3185,http://maps.google.pt/maps?z=20&t=k&q=loc:40.64135+-7.910146
Enologia,Universidade de Évora - Escola de Ciências e Tecnologia,detcursopi.asp?codc=9752&code=0602,http://maps.google.pt/maps?z=20&t=k&q=loc:38.56832+-7.910306
Enologia,Universidade de Trás-os-Montes e Alto Douro - Escola de Ciências Agrárias e Veterinárias,detcursopi.asp?codc=9752&code=1201,http://maps.google.pt/maps?z=20&t=k&q=loc:41.28739+-7.738986
Enologia,Instituto Politécnico de Bragança - Escola Superior Agrária de Bragança,detcursopi.asp?codc=9752&code=3041,http://maps.google.pt/maps?z=20&t=k&q=loc:41.79774+-6.767192
Equinicultura,Instituto Politécnico de Portalegre - Escola Superior de Biociências de Elvas,detcursopi.asp?codc=9130&code=3125,http://maps.google.pt/maps?z=20&t=k&q=loc:38.8809+-7.167167
Escultura,Universidade de Lisboa - Faculdade de Belas-Artes,detcursopi.asp?codc=9754&code=1502,http://maps.google.pt/maps?z=20&t=k&q=loc:38.70903+-9.156942
Estatística Aplicada,Universidade de Lisboa - Faculdade de Ciências,detcursopi.asp?codc=9381&code=1503,http://maps.google.pt/maps?z=20&t=k&q=loc:38.75676+-9.155387
Estatística Aplicada,Universidade do Minho,detcursopi.asp?codc=9381&code=1000,http://maps.google.pt/maps?z=20&t=k&q=loc:41.33284+-8.253481
Estudos Africanos,Universidade de Lisboa - Faculdade de Letras,detcursopi.asp?codc=9131&code=1506,http://maps.google.pt/maps?z=20&t=k&q=loc:38.75359+-9.157651
Estudos Artísticos,Universidade de Coimbra - Faculdade de Letras,detcursopi.asp?codc=9132&code=0505,http://maps.google.pt/maps?z=20&t=k&q=loc:40.20647+-8.428684
Estudos Artísticos,Universidade de Lisboa - Faculdade de Letras,detcursopi.asp?codc=9132&code=1506,http://maps.google.pt/maps?z=20&t=k&q=loc:38.75359+-9.157651
Estudos Asiáticos,Universidade de Lisboa - Faculdade de Letras,detcursopi.asp?codc=9914&code=1506,http://maps.google.pt/maps?z=20&t=k&q=loc:38.75359+-9.157651
Estudos Clássicos,Universidade de Coimbra - Faculdade de Letras,detcursopi.asp?codc=9133&code=0505,http://maps.google.pt/maps?z=20&t=k&q=loc:40.20647+-8.428684
Estudos Clássicos,Universidade de Lisboa - Faculdade de Letras,detcursopi.asp?codc=9133&code=1506,http://maps.google.pt/maps?z=20&t=k&q=loc:38.75359+-9.157651
Estudos Comparatistas,Universidade de Lisboa - Faculdade de Letras,detcursopi.asp?codc=L097&code=1506,http://maps.google.pt/maps?z=20&t=k&q=loc:38.75359+-9.157651
Estudos de Cultura,Universidade da Madeira - Faculdade de Artes e Humanidades,detcursopi.asp?codc=L150&code=1306,http://maps.google.pt/maps?z=20&t=k&q=loc:32.65928+-16.9251
Estudos de Cultura e Comunicação Intercultural,Universidade de Lisboa - Faculdade de Letras,detcursopi.asp?codc=L288&code=1506,http://maps.google.pt/maps?z=20&t=k&q=loc:38.75359+-9.157651
Estudos Culturais,Universidade do Minho,detcursopi.asp?codc=9134&code=1000,http://maps.google.pt/maps?z=20&t=k&q=loc:41.33284+-8.253481
Estudos Europeus,Universidade dos Açores - Faculdade de Ciências Sociais e Humanas,detcursopi.asp?codc=9135&code=0150,http://maps.google.pt/maps?z=20&t=k&q=loc:37.74605+-25.66378
Estudos Europeus,Universidade de Coimbra - Faculdade de Letras,detcursopi.asp?codc=9135&code=0505,http://maps.google.pt/maps?z=20&t=k&q=loc:40.20647+-8.428684
Estudos Europeus,Universidade de Lisboa - Faculdade de Letras,detcursopi.asp?codc=9135&code=1506,http://maps.google.pt/maps?z=20&t=k&q=loc:38.75359+-9.157651
Estudos Gerais,Universidade de Lisboa - Faculdade de Letras,detcursopi.asp?codc=8458&code=1506,http://maps.google.pt/maps?z=20&t=k&q=loc:38.75359+-9.157651
Estudos do Mar,Universidade Nova de Lisboa - Faculdade de Economia,detcursopi.asp?codc=L313&code=0904,http://maps.google.pt/maps?z=20&t=k&q=loc:38.6793+-9.325741
Estudos Musicais Aplicados,Instituto Politécnico de Coimbra - Escola Superior de Educação de Coimbra,detcursopi.asp?codc=L163&code=3062,http://maps.google.pt/maps?z=20&t=k&q=loc:40.20522+-8.405957
Estudos Orientais: Estudos Chineses e Japoneses,Universidade do Minho,detcursopi.asp?codc=L147&code=1000,http://maps.google.pt/maps?z=20&t=k&q=loc:41.33284+-8.253481
Estudos Portugueses,Universidade de Lisboa - Faculdade de Letras,detcursopi.asp?codc=9917&code=1506,http://maps.google.pt/maps?z=20&t=k&q=loc:38.75359+-9.157651
Estudos Portugueses,Universidade do Minho,detcursopi.asp?codc=9917&code=1000,http://maps.google.pt/maps?z=20&t=k&q=loc:41.33284+-8.253481
Estudos Portugueses,Universidade Nova de Lisboa - Faculdade de Ciências Sociais e Humanas,detcursopi.asp?codc=9917&code=0902,http://maps.google.pt/maps?z=20&t=k&q=loc:38.74025+-9.151129
Estudos Portugueses,Universidade Católica Portuguesa - Faculdade de Filosofia e Ciências Sociais,detcursopi.asp?codc=9917&code=2223,
Estudos Portugueses e Espanhóis,Universidade da Beira Interior,detcursopi.asp?codc=9918&code=0400,http://maps.google.pt/maps?z=20&t=k&q=loc:40.27736+-7.508574
Estudos Portugueses e Ingleses,Universidade dos Açores - Faculdade de Ciências Sociais e Humanas,detcursopi.asp?codc=L041&code=0150,http://maps.google.pt/maps?z=20&t=k&q=loc:37.74605+-25.66378
Farmácia,Instituto Politécnico de Bragança - Escola Superior de Saúde de Bragança,detcursopi.asp?codc=9549&code=7015,http://maps.google.pt/maps?z=20&t=k&q=loc:41.80336+-6.76559
Farmácia,Instituto Politécnico de Coimbra - Escola Superior de Tecnologia da Saúde de Coimbra,detcursopi.asp?codc=9549&code=7210,http://maps.google.pt/maps?z=20&t=k&q=loc:40.19915+-8.461344
Farmácia,Instituto Politécnico da Guarda - Escola Superior de Saúde da Guarda,detcursopi.asp?codc=9549&code=7040,http://maps.google.pt/maps?z=20&t=k&q=loc:40.52968+-7.276771
Farmácia,Instituto Politécnico de Lisboa - Escola Superior de Tecnologia da Saúde de Lisboa,detcursopi.asp?codc=9549&code=7220,http://maps.google.pt/maps?z=20&t=k&q=loc:38.77607+-9.097442
Farmácia,Instituto Politécnico do Porto - Escola Superior de Saúde,detcursopi.asp?codc=9549&code=7230,http://maps.google.pt/maps?z=20&t=k&q=loc:41.17779+-8.60693
Farmácia,Universidade do Algarve - Escola Superior de Saúde,detcursopi.asp?codc=9549&code=7035,http://maps.google.pt/maps?z=20&t=k&q=loc:37.04394+-7.972298
Farmácia,Escola Superior de Saúde Atlântica,detcursopi.asp?codc=9549&code=4590,http://maps.google.pt/maps?z=20&t=k&q=loc:38.74141+-9.284575
Farmácia,Instituto Politécnico da Lusofonia - Escola Superior de Saúde Ribeiro Sanches,detcursopi.asp?codc=9549&code=4614,http://maps.google.pt/maps?z=20&t=k&q=loc:38.74674+-9.100184
Farmácia,Instituto Politécnico de Saúde do Norte - CESPU - Escola Superior de Saúde do Vale do Ave,detcursopi.asp?codc=9549&code=4108,http://maps.google.pt/maps?z=20&t=k&q=loc:41.40671+-8.515314
Farmácia Biomédica,Universidade de Coimbra - Faculdade de Farmácia,detcursopi.asp?codc=9832&code=0504,http://maps.google.pt/maps?z=20&t=k&q=loc:40.21968+-8.418132
Filosofia,Universidade da Beira Interior,detcursopi.asp?codc=9139&code=0400,http://maps.google.pt/maps?z=20&t=k&q=loc:40.27736+-7.508574
Filosofia,Universidade de Coimbra - Faculdade de Letras,detcursopi.asp?codc=9139&code=0505,http://maps.google.pt/maps?z=20&t=k&q=loc:40.20647+-8.428684
Filosofia,Universidade de Lisboa - Faculdade de Letras,detcursopi.asp?codc=9139&code=1506,http://maps.google.pt/maps?z=20&t=k&q=loc:38.75359+-9.157651
Filosofia,Universidade do Minho,detcursopi.asp?codc=9139&code=1000,http://maps.google.pt/maps?z=20&t=k&q=loc:41.33284+-8.253481
Filosofia,Universidade Nova de Lisboa - Faculdade de Ciências Sociais e Humanas,detcursopi.asp?codc=9139&code=0902,http://maps.google.pt/maps?z=20&t=k&q=loc:38.74025+-9.151129
Filosofia,Universidade do Porto - Faculdade de Letras,detcursopi.asp?codc=9139&code=1107,http://maps.google.pt/maps?z=20&t=k&q=loc:41.15155+-8.63262
Filosofia,Universidade Católica Portuguesa - Faculdade de Ciências Humanas,detcursopi.asp?codc=9139&code=2220,
Filosofia,Universidade Católica Portuguesa - Faculdade de Filosofia e Ciências Sociais,detcursopi.asp?codc=9139&code=2223,
Filosofia e Cultura Contemporânea,Universidade de Évora - Escola de Ciências Sociais,detcursopi.asp?codc=L365&code=0604,http://maps.google.pt/maps?z=20&t=k&q=loc:38.57381+-7.906329
"Filosofia, Política e Economia",Universidade Católica Portuguesa - Faculdade de Ciências Humanas,detcursopi.asp?codc=L198&code=2220,
Finanças,Instituto Politécnico do Cávado e do Ave - Escola Superior de Gestão,detcursopi.asp?codc=9140&code=3031,http://maps.google.pt/maps?z=20&t=k&q=loc:41.53448+-8.628122
Finanças,Universidade de Aveiro - Instituto Superior de Contabilidade e Administração de Aveiro,detcursopi.asp?codc=9140&code=3011,http://maps.google.pt/maps?z=20&t=k&q=loc:40.63046+-8.653306
Finanças (ensino em inglês),Universidade de Lisboa - Instituto Superior de Economia e Gestão,detcursopi.asp?codc=A013&code=1517,http://maps.google.pt/maps?z=20&t=k&q=loc:38.70972+-9.155651
Finanças e Contabilidade,ISCTE - Instituto Universitário de Lisboa,detcursopi.asp?codc=8029&code=6800,http://maps.google.pt/maps?z=20&t=k&q=loc:38.74875+-9.153692
Finanças e Contabilidade,Instituto Politécnico de Coimbra - Instituto Superior de Contabilidade e Administração de Coimbra,detcursopi.asp?codc=8029&code=3063,http://maps.google.pt/maps?z=20&t=k&q=loc:42.12346+-8.27082
Finanças Empresariais,Instituto Politécnico de Lisboa - Instituto Superior de Contabilidade e Administração de Lisboa,detcursopi.asp?codc=9476&code=3117,http://maps.google.pt/maps?z=20&t=k&q=loc:38.73717+-9.146786
Finanças Empresariais (regime pós-laboral),Instituto Politécnico de Lisboa - Instituto Superior de Contabilidade e Administração de Lisboa,detcursopi.asp?codc=9889&code=3117,http://maps.google.pt/maps?z=20&t=k&q=loc:38.73717+-9.146786
Finanças (regime pós-laboral),Universidade de Aveiro - Instituto Superior de Contabilidade e Administração de Aveiro,detcursopi.asp?codc=9888&code=3011,http://maps.google.pt/maps?z=20&t=k&q=loc:40.63046+-8.653306
Fiscalidade,Instituto Politécnico do Cávado e do Ave - Escola Superior de Gestão,detcursopi.asp?codc=9759&code=3031,http://maps.google.pt/maps?z=20&t=k&q=loc:41.53448+-8.628122
Fiscalidade (regime pós-laboral),Instituto Politécnico do Cávado e do Ave - Escola Superior de Gestão,detcursopi.asp?codc=9990&code=3031,http://maps.google.pt/maps?z=20&t=k&q=loc:41.53448+-8.628122
Física,Universidade de Aveiro,detcursopi.asp?codc=9141&code=0300,http://maps.google.pt/maps?z=20&t=k&q=loc:40.63118+-8.657394
Física,Universidade de Coimbra - Faculdade de Ciências e Tecnologia,detcursopi.asp?codc=9141&code=0501,http://maps.google.pt/maps?z=20&t=k&q=loc:40.18623+-8.412266
Física,Universidade de Lisboa - Faculdade de Ciências,detcursopi.asp?codc=9141&code=1503,http://maps.google.pt/maps?z=20&t=k&q=loc:38.75676+-9.155387
Física,Universidade do Minho,detcursopi.asp?codc=9141&code=1000,http://maps.google.pt/maps?z=20&t=k&q=loc:41.33284+-8.253481
Física,Universidade do Porto - Faculdade de Ciências,detcursopi.asp?codc=9141&code=1103,http://maps.google.pt/maps?z=20&t=k&q=loc:41.15242+-8.637816
Física e Aplicações,Universidade da Beira Interior,detcursopi.asp?codc=L205&code=0400,http://maps.google.pt/maps?z=20&t=k&q=loc:40.27736+-7.508574
Fisiologia Clínica,Instituto Politécnico de Castelo Branco - Escola Superior de Saúde Dr. Lopes Dias,detcursopi.asp?codc=L067&code=7020,http://maps.google.pt/maps?z=20&t=k&q=loc:39.82057+-7.51405
Fisiologia Clínica,Instituto Politécnico de Coimbra - Escola Superior de Tecnologia da Saúde de Coimbra,detcursopi.asp?codc=L067&code=7210,http://maps.google.pt/maps?z=20&t=k&q=loc:40.19915+-8.461344
Fisiologia Clínica,Instituto Politécnico de Lisboa - Escola Superior de Tecnologia da Saúde de Lisboa,detcursopi.asp?codc=L067&code=7220,http://maps.google.pt/maps?z=20&t=k&q=loc:38.77607+-9.097442
Fisiologia Clínica,Instituto Politécnico do Porto - Escola Superior de Saúde,detcursopi.asp?codc=L067&code=7230,http://maps.google.pt/maps?z=20&t=k&q=loc:41.17779+-8.60693
Fisiologia Clínica,Instituto Politécnico de Saúde do Norte - CESPU - Escola Superior de Saúde do Vale do Ave,detcursopi.asp?codc=L067&code=4108,http://maps.google.pt/maps?z=20&t=k&q=loc:41.40671+-8.515314
Fisioterapia,Instituto Politécnico de Bragança - Escola Superior de Saúde de Bragança (Chaves),detcursopi.asp?codc=9504&code=7016,
Fisioterapia,Instituto Politécnico de Castelo Branco - Escola Superior de Saúde Dr. Lopes Dias,detcursopi.asp?codc=9504&code=7020,http://maps.google.pt/maps?z=20&t=k&q=loc:39.82057+-7.51405
Fisioterapia,Instituto Politécnico de Coimbra - Escola Superior de Tecnologia da Saúde de Coimbra,detcursopi.asp?codc=9504&code=7210,http://maps.google.pt/maps?z=20&t=k&q=loc:40.19915+-8.461344
Fisioterapia,Instituto Politécnico de Leiria - Escola Superior de Saúde,detcursopi.asp?codc=9504&code=7045,http://maps.google.pt/maps?z=20&t=k&q=loc:39.73278+-8.820556
Fisioterapia,Instituto Politécnico de Lisboa - Escola Superior de Tecnologia da Saúde de Lisboa,detcursopi.asp?codc=9504&code=7220,http://maps.google.pt/maps?z=20&t=k&q=loc:38.77607+-9.097442
Fisioterapia,Instituto Politécnico de Portalegre - Escola Superior de Saúde,detcursopi.asp?codc=9504&code=7055,http://maps.google.pt/maps?z=20&t=k&q=loc:39.30038+-7.425994
Fisioterapia,Instituto Politécnico do Porto - Escola Superior de Saúde,detcursopi.asp?codc=9504&code=7230,http://maps.google.pt/maps?z=20&t=k&q=loc:41.17779+-8.60693
Fisioterapia,Instituto Politécnico de Setúbal - Escola Superior de Saúde,detcursopi.asp?codc=9504&code=3155,http://maps.google.pt/maps?z=20&t=k&q=loc:38.52306+-8.841667
Fisioterapia,Universidade do Algarve - Escola Superior de Saúde,detcursopi.asp?codc=9504&code=7035,http://maps.google.pt/maps?z=20&t=k&q=loc:37.04394+-7.972298
Fisioterapia,Universidade de Aveiro - Escola Superior de Saúde de Aveiro,detcursopi.asp?codc=9504&code=3013,http://maps.google.pt/maps?z=20&t=k&q=loc:40.62451+-8.659866
Fisioterapia,Escola Superior de Saúde do Alcoitão,detcursopi.asp?codc=9504&code=4105,http://maps.google.pt/maps?z=20&t=k&q=loc:38.73198+-9.40119
Fisioterapia,Escola Superior de Saúde Atlântica,detcursopi.asp?codc=9504&code=4590,http://maps.google.pt/maps?z=20&t=k&q=loc:38.74141+-9.284575
Fisioterapia,Escola Superior de Saúde da Cruz Vermelha Portuguesa - Lisboa,detcursopi.asp?codc=9504&code=4091,http://maps.google.pt/maps?z=20&t=k&q=loc:38.71442+-9.176041
Fisioterapia,Escola Superior de Saúde Egas Moniz,detcursopi.asp?codc=9504&code=4106,http://maps.google.pt/maps?z=20&t=k&q=loc:38.6669+-9.200091
Fisioterapia,Escola Superior de Saúde da Fundação «Fernando Pessoa»,detcursopi.asp?codc=9504&code=4620,http://maps.google.pt/maps?z=20&t=k&q=loc:41.17316+-8.608274
Fisioterapia,Escola Superior de Saúde Jean Piaget de Viseu,detcursopi.asp?codc=9504&code=4103,http://maps.google.pt/maps?z=20&t=k&q=loc:40.73678+-7.939917
Fisioterapia,Escola Superior de Saúde Norte da Cruz Vermelha Portuguesa,detcursopi.asp?codc=9504&code=4089,http://maps.google.pt/maps?z=20&t=k&q=loc:40.83691+-8.472358
Fisioterapia,Escola Superior de Saúde de Santa Maria,detcursopi.asp?codc=9504&code=4097,http://maps.google.pt/maps?z=20&t=k&q=loc:41.16033+-8.609315
Fisioterapia,Instituto Politécnico Jean Piaget do Norte - Escola Superior de Saúde Jean Piaget de Vila Nova de Gaia,detcursopi.asp?codc=9504&code=4626,http://maps.google.pt/maps?z=20&t=k&q=loc:41.07755+-8.635221
Fisioterapia,Instituto Politécnico Jean Piaget do Sul - Escola Superior de Saúde Jean Piaget do Algarve,detcursopi.asp?codc=9504&code=4603,http://maps.google.pt/maps?z=20&t=k&q=loc:37.1964+-8.4336
Fisioterapia,Instituto Politécnico Jean Piaget do Sul - Escola Superior de Saúde Jean Piaget de Almada,detcursopi.asp?codc=9504&code=4604,http://maps.google.pt/maps?z=20&t=k&q=loc:38.6664+-9.1769
Fisioterapia,Instituto Politécnico de Saúde do Norte - CESPU - Escola Superior de Saúde do Vale do Ave,detcursopi.asp?codc=9504&code=4108,http://maps.google.pt/maps?z=20&t=k&q=loc:41.40671+-8.515314
Fisioterapia,Instituto Politécnico de Saúde do Norte - CESPU - Escola Superior de Tecnologias da Saúde do Tâmega e Sousa,detcursopi.asp?codc=9504&code=4109,http://maps.google.pt/maps?z=20&t=k&q=loc:41.18351+-8.445928
Fisioterapia,ISAVE - Instituto Superior de Saúde,detcursopi.asp?codc=9504&code=4460,http://maps.google.pt/maps?z=20&t=k&q=loc:41.63487+-8.350614
Fotografia,Instituto Politécnico do Porto - Escola Superior de Media Artes e Design,detcursopi.asp?codc=9645&code=3331,http://maps.google.pt/maps?z=20&t=k&q=loc:41.36633+-8.739719
Fotografia,Instituto Politécnico de Tomar - Escola Superior de Tecnologia de Tomar,detcursopi.asp?codc=9645&code=3242,http://maps.google.pt/maps?z=20&t=k&q=loc:39.59896+-8.389722
Fotografia e Cultura Visual,Universidade Europeia,detcursopi.asp?codc=8134&code=4350,http://maps.google.pt/maps?z=20&t=k&q=loc:38.77668+-9.193758
Gastronomia,Instituto Politécnico de Coimbra - Escola Superior de Educação de Coimbra,detcursopi.asp?codc=L095&code=3062,http://maps.google.pt/maps?z=20&t=k&q=loc:40.20522+-8.405957
Gastronomia,Instituto Universitário Egas Moniz,detcursopi.asp?codc=L095&code=4260,http://maps.google.pt/maps?z=20&t=k&q=loc:38.6669+-9.200091
Gastronomia e Artes Culinárias,Instituto Politécnico de Viana do Castelo - Escola Superior de Tecnologia e Gestão,detcursopi.asp?codc=L261&code=3163,http://maps.google.pt/maps?z=20&t=k&q=loc:41.69424+-8.846658
Genética e Biotecnologia,Universidade de Trás-os-Montes e Alto Douro - Escola de Ciências da Vida e do Ambiente,detcursopi.asp?codc=9761&code=1204,http://maps.google.pt/maps?z=20&t=k&q=loc:41.28739+-7.738986
Geografia,Universidade de Coimbra - Faculdade de Letras,detcursopi.asp?codc=9143&code=0505,http://maps.google.pt/maps?z=20&t=k&q=loc:40.20647+-8.428684
Geografia,Universidade de Évora - Escola de Ciências e Tecnologia,detcursopi.asp?codc=9143&code=0602,http://maps.google.pt/maps?z=20&t=k&q=loc:38.56832+-7.910306
Geografia,Universidade de Lisboa - Instituto de Geografia e Ordenamento do Território,detcursopi.asp?codc=9143&code=1514,http://maps.google.pt/maps?z=20&t=k&q=loc:38.74934+-9.15258
Geografia,Universidade do Porto - Faculdade de Letras,detcursopi.asp?codc=9143&code=1107,http://maps.google.pt/maps?z=20&t=k&q=loc:41.15155+-8.63262
Geografia e Planeamento,Universidade do Minho,detcursopi.asp?codc=8183&code=1000,http://maps.google.pt/maps?z=20&t=k&q=loc:41.33284+-8.253481
Geografia e Planeamento Regional,Universidade Nova de Lisboa - Faculdade de Ciências Sociais e Humanas,detcursopi.asp?codc=9145&code=0902,http://maps.google.pt/maps?z=20&t=k&q=loc:38.74025+-9.151129
Geologia,Universidade de Aveiro,detcursopi.asp?codc=9146&code=0300,http://maps.google.pt/maps?z=20&t=k&q=loc:40.63118+-8.657394
Geologia,Universidade de Coimbra - Faculdade de Ciências e Tecnologia,detcursopi.asp?codc=9146&code=0501,http://maps.google.pt/maps?z=20&t=k&q=loc:40.18623+-8.412266
Geologia,Universidade de Lisboa - Faculdade de Ciências,detcursopi.asp?codc=9146&code=1503,http://maps.google.pt/maps?z=20&t=k&q=loc:38.75676+-9.155387
Geologia,Universidade do Minho,detcursopi.asp?codc=9146&code=1000,http://maps.google.pt/maps?z=20&t=k&q=loc:41.33284+-8.253481
Geologia,Universidade do Porto - Faculdade de Ciências,detcursopi.asp?codc=9146&code=1103,http://maps.google.pt/maps?z=20&t=k&q=loc:41.15242+-8.637816
Geologia para a Sustentabilidade,Universidade Nova de Lisboa - Faculdade de Ciências e Tecnologia,detcursopi.asp?codc=L370&code=0903,http://maps.google.pt/maps?z=20&t=k&q=loc:38.66165+-9.206682
Gerontologia,Instituto Politécnico de Bragança - Escola Superior de Saúde de Bragança,detcursopi.asp?codc=9833&code=7015,http://maps.google.pt/maps?z=20&t=k&q=loc:41.80336+-6.76559
Gerontologia,Instituto Politécnico de Coimbra - Escola Superior de Educação de Coimbra,detcursopi.asp?codc=9833&code=3062,http://maps.google.pt/maps?z=20&t=k&q=loc:40.20522+-8.405957
Gerontologia,Instituto Politécnico de Viana do Castelo - Escola Superior de Educação,detcursopi.asp?codc=9833&code=3162,http://maps.google.pt/maps?z=20&t=k&q=loc:41.70303+-8.820739
Gerontologia,Instituto Superior de Serviço Social do Porto,detcursopi.asp?codc=9833&code=4520,http://maps.google.pt/maps?z=20&t=k&q=loc:41.18272+-8.652955
Gestão,ISCTE - Instituto Universitário de Lisboa,detcursopi.asp?codc=9147&code=6800,http://maps.google.pt/maps?z=20&t=k&q=loc:38.74875+-9.153692
Gestão,Universidade dos Açores - Faculdade de Economia e Gestão,detcursopi.asp?codc=9147&code=0170,http://maps.google.pt/maps?z=20&t=k&q=loc:37.74605+-25.66378
Gestão,Universidade de Aveiro,detcursopi.asp?codc=9147&code=0300,http://maps.google.pt/maps?z=20&t=k&q=loc:40.63118+-8.657394
Gestão,Universidade da Beira Interior,detcursopi.asp?codc=9147&code=0400,http://maps.google.pt/maps?z=20&t=k&q=loc:40.27736+-7.508574
Gestão,Universidade de Coimbra - Faculdade de Economia,detcursopi.asp?codc=9147&code=0503,http://maps.google.pt/maps?z=20&t=k&q=loc:40.2147+-8.408988
Gestão,Universidade de Évora - Escola de Ciências Sociais,detcursopi.asp?codc=9147&code=0604,http://maps.google.pt/maps?z=20&t=k&q=loc:38.57381+-7.906329
Gestão,Universidade de Lisboa - Instituto Superior de Economia e Gestão,detcursopi.asp?codc=9147&code=1517,http://maps.google.pt/maps?z=20&t=k&q=loc:38.70972+-9.155651
Gestão,Universidade da Madeira - Faculdade de Ciências Sociais,detcursopi.asp?codc=9147&code=1308,http://maps.google.pt/maps?z=20&t=k&q=loc:32.65928+-16.9251
Gestão,Universidade do Minho,detcursopi.asp?codc=9147&code=1000,http://maps.google.pt/maps?z=20&t=k&q=loc:41.33284+-8.253481
Gestão,Universidade Nova de Lisboa - Faculdade de Economia,detcursopi.asp?codc=9147&code=0904,http://maps.google.pt/maps?z=20&t=k&q=loc:38.6793+-9.325741
Gestão,Universidade do Porto - Faculdade de Economia,detcursopi.asp?codc=9147&code=1104,http://maps.google.pt/maps?z=20&t=k&q=loc:41.17595+-8.598582
Gestão,Universidade de Trás-os-Montes e Alto Douro - Escola de Ciências Humanas e Sociais,detcursopi.asp?codc=9147&code=1202,http://maps.google.pt/maps?z=20&t=k&q=loc:41.28739+-7.738986
Gestão,Instituto Politécnico de Bragança - Escola Superior de Tecnologia e de Gestão de Bragança,detcursopi.asp?codc=9147&code=3043,http://maps.google.pt/maps?z=20&t=k&q=loc:41.79637+-6.7689
Gestão,Instituto Politécnico de Castelo Branco - Escola Superior de Gestão de Idanha-a-Nova,detcursopi.asp?codc=9147&code=3054,http://maps.google.pt/maps?z=20&t=k&q=loc:39.9225+-7.242491
Gestão,Instituto Politécnico de Coimbra - Escola Superior de Tecnologia e Gestão de Oliveira do Hospital,detcursopi.asp?codc=9147&code=3065,http://maps.google.pt/maps?z=20&t=k&q=loc:40.36106+-7.861083
Gestão,Instituto Politécnico da Guarda - Escola Superior de Tecnologia e Gestão,detcursopi.asp?codc=9147&code=3092,http://maps.google.pt/maps?z=20&t=k&q=loc:40.54139+-7.28329
Gestão,Instituto Politécnico de Leiria - Escola Superior de Tecnologia e Gestão,detcursopi.asp?codc=9147&code=3102,http://maps.google.pt/maps?z=20&t=k&q=loc:39.73444+-8.821389
Gestão,Instituto Politécnico de Lisboa - Instituto Superior de Contabilidade e Administração de Lisboa,detcursopi.asp?codc=9147&code=3117,http://maps.google.pt/maps?z=20&t=k&q=loc:38.73717+-9.146786
Gestão,"Instituto Politécnico de Portalegre - Escola Superior de Tecnologia, Gestão e Design",detcursopi.asp?codc=9147&code=3124,http://maps.google.pt/maps?z=20&t=k&q=loc:39.26868+-7.4425
Gestão,Instituto Politécnico de Santarém - Escola Superior de Gestão e Tecnologia de Santarém,detcursopi.asp?codc=9147&code=3143,http://maps.google.pt/maps?z=20&t=k&q=loc:39.22521+-8.690559
Gestão,Instituto Politécnico de Viana do Castelo - Escola Superior de Tecnologia e Gestão,detcursopi.asp?codc=9147&code=3163,http://maps.google.pt/maps?z=20&t=k&q=loc:41.69424+-8.846658
Gestão,"Universidade do Algarve - Escola Superior de Gestão, Hotelaria e Turismo",detcursopi.asp?codc=9147&code=3082,http://maps.google.pt/maps?z=20&t=k&q=loc:37.02928+-7.923611
Gestão,"Universidade do Algarve - Escola Superior de Gestão, Hotelaria e Turismo (Portimão)",detcursopi.asp?codc=9147&code=3087,http://maps.google.pt/maps?z=20&t=k&q=loc:37.14364+-8.536417
Gestão,Atlântica - Instituto Universitário,detcursopi.asp?codc=9147&code=2710,http://maps.google.pt/maps?z=20&t=k&q=loc:38.74141+-9.284575
Gestão,Instituto Superior de Estudos Interculturais e Transdisciplinares de Almada,detcursopi.asp?codc=9147&code=4306,http://maps.google.pt/maps?z=20&t=k&q=loc:38.6664+-9.1769
Gestão,Instituto Superior de Gestão,detcursopi.asp?codc=9147&code=4300,http://maps.google.pt/maps?z=20&t=k&q=loc:38.75053+-9.185107
Gestão,Instituto Superior Miguel Torga,detcursopi.asp?codc=9147&code=4500,http://maps.google.pt/maps?z=20&t=k&q=loc:40.21349+-8.41318
Gestão,Universidade Autónoma de Lisboa Luís de Camões,detcursopi.asp?codc=9147&code=2100,http://maps.google.pt/maps?z=20&t=k&q=loc:38.72433+-9.14589
Gestão,Universidade Católica Portuguesa - Faculdade de Economia e Gestão,detcursopi.asp?codc=9147&code=2271,http://maps.google.pt/maps?z=20&t=k&q=loc:41.15398+-8.673013
Gestão,Universidade Católica Portuguesa - Instituto de Gestão e das Organizações da Saúde,detcursopi.asp?codc=9147&code=2228,
Gestão,Universidade Europeia,detcursopi.asp?codc=9147&code=4350,http://maps.google.pt/maps?z=20&t=k&q=loc:38.77668+-9.193758
Gestão,Universidade Lusíada - Centro Universitário Lusíada - Norte - Vila Nova de Famalicão,detcursopi.asp?codc=9147&code=2450,http://maps.google.pt/maps?z=20&t=k&q=loc:41.41021+-8.522896
Gestão,Universidade Portucalense Infante D. Henrique,detcursopi.asp?codc=9147&code=2500,http://maps.google.pt/maps?z=20&t=k&q=loc:41.18032+-8.605047
Gestão,Escola Superior de Tecnologias de Fafe,detcursopi.asp?codc=9147&code=4115,http://maps.google.pt/maps?z=20&t=k&q=loc:41.46357+-8.153696
Gestão,Instituto Superior de Administração e Gestão,detcursopi.asp?codc=9147&code=4200,http://maps.google.pt/maps?z=20&t=k&q=loc:41.15463+-8.644514
Gestão,Instituto Superior Politécnico Gaya - Escola Superior de Ciências Empresariais,detcursopi.asp?codc=9147&code=4444,http://maps.google.pt/maps?z=20&t=k&q=loc:41.11968+-8.623498
Gestão e Administração em Saúde,Universidade Portucalense Infante D. Henrique,detcursopi.asp?codc=L360&code=2500,http://maps.google.pt/maps?z=20&t=k&q=loc:41.18032+-8.605047
Gestão e Administração Hoteleira,Instituto Politécnico do Porto - Escola Superior de Hotelaria e Turismo,detcursopi.asp?codc=9164&code=3139,http://maps.google.pt/maps?z=20&t=k&q=loc:41.36633+-8.739719
Gestão e Administração Pública,"Instituto Politécnico de Bragança - Escola Superior de Comunicação, Administração e Turismo de Mirandela",detcursopi.asp?codc=9165&code=3045,http://maps.google.pt/maps?z=20&t=k&q=loc:41.47761+-7.178407
Gestão Aeronáutica,ISEC Lisboa - Instituto Superior de Educação e Ciências,detcursopi.asp?codc=8042&code=4298,http://maps.google.pt/maps?z=20&t=k&q=loc:38.76894+-9.15895
Gestão de Atividades Turísticas,Instituto Politécnico do Cávado e do Ave - Escola Superior de Hotelaria e Turismo,detcursopi.asp?codc=8156&code=3034,http://maps.google.pt/maps?z=20&t=k&q=loc:41.53448+-8.628122
Gestão das Atividades Turísticas,Instituto Politécnico do Porto - Escola Superior de Hotelaria e Turismo,detcursopi.asp?codc=9921&code=3139,http://maps.google.pt/maps?z=20&t=k&q=loc:41.36633+-8.739719
Gestão de Atividades Turísticas (regime pós-laboral),Instituto Politécnico do Cávado e do Ave - Escola Superior de Hotelaria e Turismo,detcursopi.asp?codc=8341&code=3034,http://maps.google.pt/maps?z=20&t=k&q=loc:41.53448+-8.628122
Gestão das Atividades Turísticas (regime pós-laboral),Instituto Politécnico do Porto - Escola Superior de Hotelaria e Turismo,detcursopi.asp?codc=8442&code=3139,http://maps.google.pt/maps?z=20&t=k&q=loc:41.36633+-8.739719
Gestão Autárquica,ISEC Lisboa - Instituto Superior de Educação e Ciências,detcursopi.asp?codc=8181&code=4298,http://maps.google.pt/maps?z=20&t=k&q=loc:38.76894+-9.15895
Gestão e Biociências,Instituto Politécnico de Coimbra - Escola Superior de Tecnologia e Gestão de Oliveira do Hospital,detcursopi.asp?codc=L305&code=3065,http://maps.google.pt/maps?z=20&t=k&q=loc:40.36106+-7.861083
Gestão de Cidades Sustentáveis e Inteligentes,Universidade de Coimbra - Faculdade de Ciências e Tecnologia,detcursopi.asp?codc=L285&code=0501,http://maps.google.pt/maps?z=20&t=k&q=loc:40.18623+-8.412266
Gestão Comercial,Instituto Politécnico de Castelo Branco - Escola Superior de Gestão de Idanha-a-Nova,detcursopi.asp?codc=L021&code=3054,http://maps.google.pt/maps?z=20&t=k&q=loc:39.9225+-7.242491
Gestão Comercial,Instituto Politécnico de Viseu - Escola Superior de Tecnologia e Gestão de Lamego,detcursopi.asp?codc=L021&code=3186,http://maps.google.pt/maps?z=20&t=k&q=loc:41.09662+-7.808191
Gestão Comercial,Universidade de Aveiro - Escola Superior de Tecnologia e Gestão de Águeda,detcursopi.asp?codc=L021&code=3012,http://maps.google.pt/maps?z=20&t=k&q=loc:40.57429+-8.444219
Gestão Comercial,Instituto Politécnico da Lusofonia - Escola Superior de Ciências da Administração,detcursopi.asp?codc=L021&code=4612,http://maps.google.pt/maps?z=20&t=k&q=loc:38.74674+-9.100184
Gestão Comercial,Instituto Superior D. Dinis,detcursopi.asp?codc=L021&code=4292,http://maps.google.pt/maps?z=20&t=k&q=loc:39.74083+-8.92663
Gestão Comercial,ISLA Santarém - Instituto Politécnico - Escola Superior de Gestão,detcursopi.asp?codc=L021&code=4661,
Gestão de Dados e Tecnologias em Saúde,Escola Superior de Saúde de Santa Maria,detcursopi.asp?codc=L357&code=4097,http://maps.google.pt/maps?z=20&t=k&q=loc:41.16033+-8.609315
Gestão de Dados e Tecnologias em Saúde,ISEC Lisboa - Instituto Superior de Educação e Ciências,detcursopi.asp?codc=L357&code=4298,http://maps.google.pt/maps?z=20&t=k&q=loc:38.76894+-9.15895
Gestão de Dados e Tecnologias em Saúde,ISLA Santarém - Instituto Politécnico - Escola Superior de Engenharia e Tecnologia,detcursopi.asp?codc=L357&code=4662,
Gestão do Desporto,Universidade de Lisboa - Faculdade de Motricidade Humana,detcursopi.asp?codc=9162&code=1510,http://maps.google.pt/maps?z=20&t=k&q=loc:38.70524+-9.25235
Gestão do Desporto,Universidade Autónoma de Lisboa Luís de Camões,detcursopi.asp?codc=9162&code=2100,http://maps.google.pt/maps?z=20&t=k&q=loc:38.72433+-9.14589
Gestão do Desporto,Universidade Europeia,detcursopi.asp?codc=9162&code=4350,http://maps.google.pt/maps?z=20&t=k&q=loc:38.77668+-9.193758
Gestão do Desporto,Universidade da Maia,detcursopi.asp?codc=9162&code=4630,http://maps.google.pt/maps?z=20&t=k&q=loc:41.26779+-8.617047
Gestão da Distribuição e Logística,Instituto Politécnico de Viana do Castelo - Escola Superior de Ciências Empresariais,detcursopi.asp?codc=8464&code=3164,http://maps.google.pt/maps?z=20&t=k&q=loc:42.02595+-8.641592
Gestão da Distribuição e da Logística,Instituto Politécnico de Setúbal - Escola Superior de Ciências Empresariais,detcursopi.asp?codc=9629&code=3153,http://maps.google.pt/maps?z=20&t=k&q=loc:38.52306+-8.841667
Gestão da Distribuição e da Logística (regime pós-laboral),Instituto Politécnico de Setúbal - Escola Superior de Ciências Empresariais,detcursopi.asp?codc=9993&code=3153,http://maps.google.pt/maps?z=20&t=k&q=loc:38.52306+-8.841667
Gestão da Edificação e Obras,Instituto Politécnico de Tomar - Escola Superior de Tecnologia de Tomar,detcursopi.asp?codc=L186&code=3242,http://maps.google.pt/maps?z=20&t=k&q=loc:39.59896+-8.389722
Gestão da Edificação e Obras,Escola Superior de Actividades Imobiliárias,detcursopi.asp?codc=L186&code=4020,http://maps.google.pt/maps?z=20&t=k&q=loc:38.74368+-9.113525
Gestão em Saúde,Atlântica - Instituto Universitário,detcursopi.asp?codc=9170&code=2710,http://maps.google.pt/maps?z=20&t=k&q=loc:38.74141+-9.284575
Gestão de Empresa,Universidade Lusíada - Centro Universitário Lusíada - Lisboa,detcursopi.asp?codc=9151&code=2410,http://maps.google.pt/maps?z=20&t=k&q=loc:38.69799+-9.192036
Gestão de Empresa,Universidade Lusíada - Centro Universitário Lusíada - Norte - Porto,detcursopi.asp?codc=9151&code=2440,http://maps.google.pt/maps?z=20&t=k&q=loc:41.1687+-8.661802
Gestão Empresarial,Instituto Politécnico da Lusofonia - Escola Superior de Ciências da Administração,detcursopi.asp?codc=9171&code=4612,http://maps.google.pt/maps?z=20&t=k&q=loc:38.74674+-9.100184
Gestão de Empresas,Universidade do Algarve - Faculdade de Economia,detcursopi.asp?codc=9152&code=0204,http://maps.google.pt/maps?z=20&t=k&q=loc:37.04408+-7.972222
Gestão de Empresas,Instituto Politécnico de Beja - Escola Superior de Tecnologia e de Gestão,detcursopi.asp?codc=9152&code=3023,http://maps.google.pt/maps?z=20&t=k&q=loc:38.01572+-7.875266
Gestão de Empresas,Instituto Politécnico do Cávado e do Ave - Escola Superior de Gestão,detcursopi.asp?codc=9152&code=3031,http://maps.google.pt/maps?z=20&t=k&q=loc:41.53448+-8.628122
Gestão de Empresas,Instituto Politécnico de Coimbra - Instituto Superior de Contabilidade e Administração de Coimbra,detcursopi.asp?codc=9152&code=3063,http://maps.google.pt/maps?z=20&t=k&q=loc:42.12346+-8.27082
Gestão de Empresas,Instituto Politécnico de Tomar - Escola Superior de Gestão de Tomar,detcursopi.asp?codc=9152&code=3241,http://maps.google.pt/maps?z=20&t=k&q=loc:39.59896+-8.389722
Gestão de Empresas,Instituto Politécnico de Viseu - Escola Superior de Tecnologia e Gestão de Viseu,detcursopi.asp?codc=9152&code=3182,http://maps.google.pt/maps?z=20&t=k&q=loc:40.64449+-7.921137
Gestão de Empresas,Instituto Superior Manuel Teixeira Gomes,detcursopi.asp?codc=9152&code=4375,http://maps.google.pt/maps?z=20&t=k&q=loc:37.14078+-8.535942
Gestão de Empresas,Universidade da Maia,detcursopi.asp?codc=9152&code=4630,http://maps.google.pt/maps?z=20&t=k&q=loc:41.26779+-8.617047
Gestão de Empresas,Instituto Superior de Administração e Gestão,detcursopi.asp?codc=9152&code=4200,http://maps.google.pt/maps?z=20&t=k&q=loc:41.15463+-8.644514
Gestão de Empresas,Instituto Superior de Administração e Línguas,detcursopi.asp?codc=9152&code=4220,http://maps.google.pt/maps?z=20&t=k&q=loc:32.6557+-16.91028
Gestão de Empresas,Instituto Superior de Ciências Empresariais e do Turismo,detcursopi.asp?codc=9152&code=4280,http://maps.google.pt/maps?z=20&t=k&q=loc:41.152+-8.617905
Gestão de Empresas,Instituto Superior de Entre Douro e Vouga,detcursopi.asp?codc=9152&code=4283,http://maps.google.pt/maps?z=20&t=k&q=loc:40.92438+-8.544944
Gestão de Empresas,ISLA - Instituto Politécnico de Gestão e Tecnologia - Escola Superior de Gestão,detcursopi.asp?codc=9152&code=4571,http://maps.google.pt/maps?z=20&t=k&q=loc:41.12411+-8.614039
Gestão de Empresas (regime pós-laboral),Instituto Politécnico de Beja - Escola Superior de Tecnologia e de Gestão,detcursopi.asp?codc=9994&code=3023,http://maps.google.pt/maps?z=20&t=k&q=loc:38.01572+-7.875266
Gestão de Empresas (regime pós-laboral),Instituto Politécnico do Cávado e do Ave - Escola Superior de Gestão,detcursopi.asp?codc=9994&code=3031,http://maps.google.pt/maps?z=20&t=k&q=loc:41.53448+-8.628122
Gestão de Empresas (regime pós-laboral),Instituto Politécnico de Viseu - Escola Superior de Tecnologia e Gestão de Viseu,detcursopi.asp?codc=9994&code=3182,http://maps.google.pt/maps?z=20&t=k&q=loc:40.64449+-7.921137
Gestão de Empresas do Turismo,Instituto Politécnico da Lusofonia - Escola Superior de Ciências da Administração,detcursopi.asp?codc=L242&code=4612,http://maps.google.pt/maps?z=20&t=k&q=loc:38.74674+-9.100184
Gestão (ensino em Inglês),Universidade de Lisboa - Instituto Superior de Economia e Gestão,detcursopi.asp?codc=A001&code=1517,http://maps.google.pt/maps?z=20&t=k&q=loc:38.70972+-9.155651
Gestão de Eventos,Instituto Politécnico de Leiria - Escola Superior de Turismo e Tecnologia do Mar,detcursopi.asp?codc=8514&code=3105,http://maps.google.pt/maps?z=20&t=k&q=loc:39.36472+-9.403056
Gestão da Hospitalidade,Universidade Portucalense Infante D. Henrique,detcursopi.asp?codc=L105&code=2500,http://maps.google.pt/maps?z=20&t=k&q=loc:41.18032+-8.605047
Gestão Hoteleira,Instituto Politécnico do Cávado e do Ave - Escola Superior de Hotelaria e Turismo,detcursopi.asp?codc=9173&code=3034,http://maps.google.pt/maps?z=20&t=k&q=loc:41.53448+-8.628122
Gestão Hoteleira,Instituto Politécnico da Guarda - Escola Superior de Turismo e Hotelaria,detcursopi.asp?codc=9173&code=3095,http://maps.google.pt/maps?z=20&t=k&q=loc:40.42886+-7.703182
Gestão Hoteleira,"Universidade do Algarve - Escola Superior de Gestão, Hotelaria e Turismo",detcursopi.asp?codc=9173&code=3082,http://maps.google.pt/maps?z=20&t=k&q=loc:37.02928+-7.923611
Gestão Hoteleira,Universidade Europeia,detcursopi.asp?codc=9173&code=4350,http://maps.google.pt/maps?z=20&t=k&q=loc:38.77668+-9.193758
Gestão Hoteleira,Escola Superior de Tecnologias de Fafe,detcursopi.asp?codc=9173&code=4115,http://maps.google.pt/maps?z=20&t=k&q=loc:41.46357+-8.153696
Gestão Hoteleira,Instituto Superior de Administração e Gestão,detcursopi.asp?codc=9173&code=4200,http://maps.google.pt/maps?z=20&t=k&q=loc:41.15463+-8.644514
Gestão Hoteleira,ISEC Lisboa - Instituto Superior de Educação e Ciências,detcursopi.asp?codc=9173&code=4298,http://maps.google.pt/maps?z=20&t=k&q=loc:38.76894+-9.15895
Gestão Imobiliária,Escola Superior de Actividades Imobiliárias,detcursopi.asp?codc=9174&code=4020,http://maps.google.pt/maps?z=20&t=k&q=loc:38.74368+-9.113525
Gestão Industrial,Instituto Politécnico de Viseu - Escola Superior de Tecnologia e Gestão de Viseu,detcursopi.asp?codc=8296&code=3182,http://maps.google.pt/maps?z=20&t=k&q=loc:40.64449+-7.921137
Gestão Industrial e Inovação Tecnológica,Instituto Superior D. Dinis,detcursopi.asp?codc=L190&code=4292,http://maps.google.pt/maps?z=20&t=k&q=loc:39.74083+-8.92663
Gestão Industrial e Logística,ISCTE - Instituto Universitário de Lisboa,detcursopi.asp?codc=L030&code=6800,http://maps.google.pt/maps?z=20&t=k&q=loc:38.74875+-9.153692
Gestão Industrial e Logística,Instituto Politécnico do Porto - Escola Superior de Tecnologia e Gestão,detcursopi.asp?codc=L030&code=3138,http://maps.google.pt/maps?z=20&t=k&q=loc:41.36677+-8.194765
Gestão de Informação,Universidade Nova de Lisboa - Instituto Superior de Estatística e Gestão de Informação,detcursopi.asp?codc=9155&code=0906,http://maps.google.pt/maps?z=20&t=k&q=loc:38.73236+-9.160044
Gestão e Informática,Instituto Politécnico de Viseu - Escola Superior de Tecnologia e Gestão de Lamego,detcursopi.asp?codc=9168&code=3186,http://maps.google.pt/maps?z=20&t=k&q=loc:41.09662+-7.808191
Gestão do Lazer e Animação Turística,Escola Superior de Hotelaria e Turismo do Estoril,detcursopi.asp?codc=9163&code=7110,http://maps.google.pt/maps?z=20&t=k&q=loc:38.71722+-9.391944
Gestão do Lazer e Animação Turística (regime pós-laboral),Escola Superior de Hotelaria e Turismo do Estoril,detcursopi.asp?codc=9995&code=7110,http://maps.google.pt/maps?z=20&t=k&q=loc:38.71722+-9.391944
Gestão Marinha e Costeira,Universidade do Algarve - Faculdade de Ciências e Tecnologia,detcursopi.asp?codc=L123&code=0203,http://maps.google.pt/maps?z=20&t=k&q=loc:37.04408+-7.972222
Gestão de Marketing,ISCTE - Instituto Universitário de Lisboa,detcursopi.asp?codc=9156&code=6800,http://maps.google.pt/maps?z=20&t=k&q=loc:38.74875+-9.153692
Gestão de Marketing,Instituto Politécnico de Santarém - Escola Superior de Gestão e Tecnologia de Santarém,detcursopi.asp?codc=9156&code=3143,http://maps.google.pt/maps?z=20&t=k&q=loc:39.22521+-8.690559
Gestão de Marketing,Universidade da Maia,detcursopi.asp?codc=9156&code=4630,http://maps.google.pt/maps?z=20&t=k&q=loc:41.26779+-8.617047
Gestão de Marketing,Instituto Português de Administração de Marketing de Lisboa,detcursopi.asp?codc=9156&code=4156,http://maps.google.pt/maps?z=20&t=k&q=loc:38.76037+-9.193671
Gestão de Marketing,Instituto Português de Administração de Marketing do Porto,detcursopi.asp?codc=9156&code=4155,http://maps.google.pt/maps?z=20&t=k&q=loc:41.17588+-8.64978
Gestão e Negócios,Escola Superior de Negócios Atlântico,detcursopi.asp?codc=9169&code=4141,http://maps.google.pt/maps?z=20&t=k&q=loc:41.08563+-8.651342
Gestão de Negócios,Instituto Português de Administração de Marketing do Porto,detcursopi.asp?codc=L268&code=4155,http://maps.google.pt/maps?z=20&t=k&q=loc:41.17588+-8.64978
"Gestão de Negócios Internacionais (Curso Europeu, ensino em Inglês)",Instituto Politécnico de Bragança - Escola Superior de Tecnologia e de Gestão de Bragança,detcursopi.asp?codc=A004&code=3043,http://maps.google.pt/maps?z=20&t=k&q=loc:41.79637+-6.7689
Gestão das Organizações Desportivas,Instituto Politécnico de Santarém - Escola Superior de Desporto de Rio Maior,detcursopi.asp?codc=9763&code=3145,http://maps.google.pt/maps?z=20&t=k&q=loc:39.345+-8.933
Gestão das Organizações Desportivas,Universidade Lusíada - Centro Universitário Lusíada - Lisboa,detcursopi.asp?codc=9763&code=2410,http://maps.google.pt/maps?z=20&t=k&q=loc:38.69799+-9.192036
Gestão do Património Cultural,Instituto Politécnico do Porto - Escola Superior de Educação,detcursopi.asp?codc=L246&code=3131,http://maps.google.pt/maps?z=20&t=k&q=loc:41.1799+-8.598137
Gestão e Planeamento em Turismo,Universidade de Aveiro,detcursopi.asp?codc=L187&code=0300,http://maps.google.pt/maps?z=20&t=k&q=loc:40.63118+-8.657394
Gestão Portuária,Escola Superior Náutica Infante D. Henrique,detcursopi.asp?codc=9926&code=7105,http://maps.google.pt/maps?z=20&t=k&q=loc:38.69206+-9.298875
Gestão de Processos e Operações Empresariais,ISLA Santarém - Instituto Politécnico - Escola Superior de Gestão,detcursopi.asp?codc=L046&code=4661,
Gestão da Proteção Civil e Segurança Comunitária,ISEC Lisboa - Instituto Superior de Educação e Ciências,detcursopi.asp?codc=L368&code=4298,http://maps.google.pt/maps?z=20&t=k&q=loc:38.76894+-9.15895
Gestão Pública,Instituto Politécnico do Cávado e do Ave - Escola Superior de Gestão,detcursopi.asp?codc=L140&code=3031,http://maps.google.pt/maps?z=20&t=k&q=loc:41.53448+-8.628122
Gestão Pública,Universidade de Aveiro - Escola Superior de Tecnologia e Gestão de Águeda,detcursopi.asp?codc=L140&code=3012,http://maps.google.pt/maps?z=20&t=k&q=loc:40.57429+-8.444219
Gestão da Qualidade,Universidade de Aveiro - Escola Superior de Tecnologia e Gestão de Águeda,detcursopi.asp?codc=8405&code=3012,http://maps.google.pt/maps?z=20&t=k&q=loc:40.57429+-8.444219
Gestão de Recursos Humanos,ISCTE - Instituto Universitário de Lisboa,detcursopi.asp?codc=9157&code=6800,http://maps.google.pt/maps?z=20&t=k&q=loc:38.74875+-9.153692
Gestão de Recursos Humanos,Universidade de Lisboa - Instituto Superior de Ciências Sociais e Políticas,detcursopi.asp?codc=9157&code=1516,http://maps.google.pt/maps?z=20&t=k&q=loc:38.71306+-9.198223
Gestão de Recursos Humanos,Instituto Politécnico da Guarda - Escola Superior de Tecnologia e Gestão,detcursopi.asp?codc=9157&code=3092,http://maps.google.pt/maps?z=20&t=k&q=loc:40.54139+-7.28329
Gestão de Recursos Humanos,Instituto Politécnico de Setúbal - Escola Superior de Ciências Empresariais,detcursopi.asp?codc=9157&code=3153,http://maps.google.pt/maps?z=20&t=k&q=loc:38.52306+-8.841667
Gestão de Recursos Humanos,Instituto Superior de Gestão,detcursopi.asp?codc=9157&code=4300,http://maps.google.pt/maps?z=20&t=k&q=loc:38.75053+-9.185107
Gestão de Recursos Humanos,Instituto Superior Manuel Teixeira Gomes,detcursopi.asp?codc=9157&code=4375,http://maps.google.pt/maps?z=20&t=k&q=loc:37.14078+-8.535942
Gestão de Recursos Humanos,Instituto Superior Miguel Torga,detcursopi.asp?codc=9157&code=4500,http://maps.google.pt/maps?z=20&t=k&q=loc:40.21349+-8.41318
Gestão de Recursos Humanos,Universidade Europeia,detcursopi.asp?codc=9157&code=4350,http://maps.google.pt/maps?z=20&t=k&q=loc:38.77668+-9.193758
Gestão de Recursos Humanos,Universidade Lusíada - Centro Universitário Lusíada - Lisboa,detcursopi.asp?codc=9157&code=2410,http://maps.google.pt/maps?z=20&t=k&q=loc:38.69799+-9.192036
Gestão de Recursos Humanos,Universidade da Maia,detcursopi.asp?codc=9157&code=4630,http://maps.google.pt/maps?z=20&t=k&q=loc:41.26779+-8.617047
Gestão de Recursos Humanos,Instituto Superior D. Dinis,detcursopi.asp?codc=9157&code=4292,http://maps.google.pt/maps?z=20&t=k&q=loc:39.74083+-8.92663
Gestão de Recursos Humanos,ISLA - Instituto Politécnico de Gestão e Tecnologia - Escola Superior de Gestão,detcursopi.asp?codc=9157&code=4571,http://maps.google.pt/maps?z=20&t=k&q=loc:41.12411+-8.614039
Gestão de Recursos Humanos,ISLA Santarém - Instituto Politécnico - Escola Superior de Gestão,detcursopi.asp?codc=9157&code=4661,
Gestão de Recursos Humanos (regime pós-laboral),Universidade de Lisboa - Instituto Superior de Ciências Sociais e Políticas,detcursopi.asp?codc=8111&code=1516,http://maps.google.pt/maps?z=20&t=k&q=loc:38.71306+-9.198223
Gestão de Recursos Humanos (regime pós-laboral),Instituto Politécnico de Setúbal - Escola Superior de Ciências Empresariais,detcursopi.asp?codc=8111&code=3153,http://maps.google.pt/maps?z=20&t=k&q=loc:38.52306+-8.841667
Gestão de Recursos Humanos e Comportamento Organizacional,Instituto Politécnico de Tomar - Escola Superior de Gestão de Tomar,detcursopi.asp?codc=9640&code=3241,http://maps.google.pt/maps?z=20&t=k&q=loc:39.59896+-8.389722
Gestão (regime noturno),Instituto Politécnico de Viana do Castelo - Escola Superior de Tecnologia e Gestão,detcursopi.asp?codc=9148&code=3163,http://maps.google.pt/maps?z=20&t=k&q=loc:41.69424+-8.846658
Gestão (regime noturno),"Universidade do Algarve - Escola Superior de Gestão, Hotelaria e Turismo",detcursopi.asp?codc=9148&code=3082,http://maps.google.pt/maps?z=20&t=k&q=loc:37.02928+-7.923611
Gestão (regime noturno),"Universidade do Algarve - Escola Superior de Gestão, Hotelaria e Turismo (Portimão)",detcursopi.asp?codc=9148&code=3087,http://maps.google.pt/maps?z=20&t=k&q=loc:37.14364+-8.536417
Gestão (regime pós-laboral),Instituto Politécnico de Leiria - Escola Superior de Tecnologia e Gestão,detcursopi.asp?codc=9991&code=3102,http://maps.google.pt/maps?z=20&t=k&q=loc:39.73444+-8.821389
Gestão (regime pós-laboral),Instituto Politécnico de Lisboa - Instituto Superior de Contabilidade e Administração de Lisboa,detcursopi.asp?codc=9991&code=3117,http://maps.google.pt/maps?z=20&t=k&q=loc:38.73717+-9.146786
Gestão (regime pós-laboral),"Instituto Politécnico de Portalegre - Escola Superior de Tecnologia, Gestão e Design",detcursopi.asp?codc=9991&code=3124,http://maps.google.pt/maps?z=20&t=k&q=loc:39.26868+-7.4425
Gestão (regime pós-laboral),Instituto Politécnico de Santarém - Escola Superior de Gestão e Tecnologia de Santarém,detcursopi.asp?codc=9991&code=3143,http://maps.google.pt/maps?z=20&t=k&q=loc:39.22521+-8.690559
Gestão da Restauração e Catering,Instituto Politécnico de Leiria - Escola Superior de Turismo e Tecnologia do Mar,detcursopi.asp?codc=L131&code=3105,http://maps.google.pt/maps?z=20&t=k&q=loc:39.36472+-9.403056
Gestão da Restauração e Catering,Instituto Politécnico do Porto - Escola Superior de Hotelaria e Turismo,detcursopi.asp?codc=L131&code=3139,http://maps.google.pt/maps?z=20&t=k&q=loc:41.36633+-8.739719
"Gestão da Segurança, Emergência e Protecção Civil",Atlântica - Instituto Universitário,detcursopi.asp?codc=L200&code=2710,http://maps.google.pt/maps?z=20&t=k&q=loc:38.74141+-9.284575
Gestão de Sistemas e Computação,Atlântica - Instituto Universitário,detcursopi.asp?codc=9159&code=2710,http://maps.google.pt/maps?z=20&t=k&q=loc:38.74141+-9.284575
Gestão de Sistemas de Informação,Instituto Politécnico de Setúbal - Escola Superior de Ciências Empresariais,detcursopi.asp?codc=9630&code=3153,http://maps.google.pt/maps?z=20&t=k&q=loc:38.52306+-8.841667
Gestão Sustentável das Cidades,Instituto Politécnico de Coimbra - Instituto Superior de Engenharia de Coimbra,detcursopi.asp?codc=L155&code=3064,http://maps.google.pt/maps?z=20&t=k&q=loc:40.1929+-8.412338
Gestão do Território,Instituto Politécnico de Coimbra - Escola Superior de Tecnologia e Gestão de Oliveira do Hospital,detcursopi.asp?codc=9895&code=3065,http://maps.google.pt/maps?z=20&t=k&q=loc:40.36106+-7.861083
Gestão do Transporte Aéreo,Atlântica - Instituto Universitário,detcursopi.asp?codc=L197&code=2710,http://maps.google.pt/maps?z=20&t=k&q=loc:38.74141+-9.284575
Gestão de Transportes e Logística,Escola Superior Náutica Infante D. Henrique,detcursopi.asp?codc=9924&code=7105,http://maps.google.pt/maps?z=20&t=k&q=loc:38.69206+-9.298875
Gestão do Turismo,Instituto Superior de Gestão,detcursopi.asp?codc=L191&code=4300,http://maps.google.pt/maps?z=20&t=k&q=loc:38.75053+-9.185107
Gestão do Turismo,Instituto Superior Manuel Teixeira Gomes,detcursopi.asp?codc=L191&code=4375,http://maps.google.pt/maps?z=20&t=k&q=loc:37.14078+-8.535942
Gestão do Turismo,Universidade Lusíada - Centro Universitário Lusíada - Lisboa,detcursopi.asp?codc=L191&code=2410,http://maps.google.pt/maps?z=20&t=k&q=loc:38.69799+-9.192036
Gestão do Turismo,ISLA - Instituto Politécnico de Gestão e Tecnologia - Escola Superior de Gestão,detcursopi.asp?codc=L191&code=4571,http://maps.google.pt/maps?z=20&t=k&q=loc:41.12411+-8.614039
Gestão do Turismo e da Hospitalidade,Instituto Politécnico da Guarda - Escola Superior de Turismo e Hotelaria,detcursopi.asp?codc=L061&code=3095,http://maps.google.pt/maps?z=20&t=k&q=loc:40.42886+-7.703182
Gestão Turística,Escola Superior de Hotelaria e Turismo do Estoril,detcursopi.asp?codc=9177&code=7110,http://maps.google.pt/maps?z=20&t=k&q=loc:38.71722+-9.391944
Gestão Turística,ISCE - Instituto Superior de Lisboa e Vale do Tejo,detcursopi.asp?codc=9177&code=4270,http://maps.google.pt/maps?z=20&t=k&q=loc:38.8064+-9.191853
Gestão Turística,ISLA Santarém - Instituto Politécnico - Escola Superior de Gestão,detcursopi.asp?codc=9177&code=4661,
Gestão Turística e Hoteleira,Instituto Politécnico de Leiria - Escola Superior de Turismo e Tecnologia do Mar,detcursopi.asp?codc=9178&code=3105,http://maps.google.pt/maps?z=20&t=k&q=loc:39.36472+-9.403056
Gestão Turística (regime pós-laboral),Escola Superior de Hotelaria e Turismo do Estoril,detcursopi.asp?codc=9996&code=7110,http://maps.google.pt/maps?z=20&t=k&q=loc:38.71722+-9.391944
"Gestão Turística, Cultural e Patrimonial",Instituto Politécnico de Viseu - Escola Superior de Tecnologia e Gestão de Lamego,detcursopi.asp?codc=9179&code=3186,http://maps.google.pt/maps?z=20&t=k&q=loc:41.09662+-7.808191
Guias de Natureza e Património,Universidade dos Açores - Faculdade de Ciências Agrárias e do Ambiente,detcursopi.asp?codc=L344&code=0140,http://maps.google.pt/maps?z=20&t=k&q=loc:38.6585+-27.234
Higiene Oral,Universidade de Lisboa - Faculdade de Medicina Dentária,detcursopi.asp?codc=9556&code=1508,http://maps.google.pt/maps?z=20&t=k&q=loc:38.74921+-9.15499
Higiene Oral,Instituto Politécnico de Portalegre - Escola Superior de Saúde,detcursopi.asp?codc=9556&code=7055,http://maps.google.pt/maps?z=20&t=k&q=loc:39.30038+-7.425994
História,Universidade dos Açores - Faculdade de Ciências Sociais e Humanas,detcursopi.asp?codc=9181&code=0150,http://maps.google.pt/maps?z=20&t=k&q=loc:37.74605+-25.66378
História,Universidade de Coimbra - Faculdade de Letras,detcursopi.asp?codc=9181&code=0505,http://maps.google.pt/maps?z=20&t=k&q=loc:40.20647+-8.428684
História,Universidade de Lisboa - Faculdade de Letras,detcursopi.asp?codc=9181&code=1506,http://maps.google.pt/maps?z=20&t=k&q=loc:38.75359+-9.157651
História,Universidade do Minho,detcursopi.asp?codc=9181&code=1000,http://maps.google.pt/maps?z=20&t=k&q=loc:41.33284+-8.253481
História,Universidade Nova de Lisboa - Faculdade de Ciências Sociais e Humanas,detcursopi.asp?codc=9181&code=0902,http://maps.google.pt/maps?z=20&t=k&q=loc:38.74025+-9.151129
História,Universidade do Porto - Faculdade de Letras,detcursopi.asp?codc=9181&code=1107,http://maps.google.pt/maps?z=20&t=k&q=loc:41.15155+-8.63262
História,Universidade Autónoma de Lisboa Luís de Camões,detcursopi.asp?codc=9181&code=2100,http://maps.google.pt/maps?z=20&t=k&q=loc:38.72433+-9.14589
História e Arqueologia,Universidade de Évora - Escola de Ciências Sociais,detcursopi.asp?codc=8251&code=0604,http://maps.google.pt/maps?z=20&t=k&q=loc:38.57381+-7.906329
História da Arte,Universidade de Coimbra - Faculdade de Letras,detcursopi.asp?codc=9182&code=0505,http://maps.google.pt/maps?z=20&t=k&q=loc:40.20647+-8.428684
História da Arte,Universidade de Lisboa - Faculdade de Letras,detcursopi.asp?codc=9182&code=1506,http://maps.google.pt/maps?z=20&t=k&q=loc:38.75359+-9.157651
História da Arte,Universidade Nova de Lisboa - Faculdade de Ciências Sociais e Humanas,detcursopi.asp?codc=9182&code=0902,http://maps.google.pt/maps?z=20&t=k&q=loc:38.74025+-9.151129
História da Arte,Universidade do Porto - Faculdade de Letras,detcursopi.asp?codc=9182&code=1107,http://maps.google.pt/maps?z=20&t=k&q=loc:41.15155+-8.63262
História Moderna e Contemporânea,ISCTE - Instituto Universitário de Lisboa,detcursopi.asp?codc=9927&code=6800,http://maps.google.pt/maps?z=20&t=k&q=loc:38.74875+-9.153692
Ilustração e Desenho,"Instituto Politécnico da Lusofonia - Escola Superior de Comunicação, Inovação e Artes",detcursopi.asp?codc=L244&code=4611,http://maps.google.pt/maps?z=20&t=k&q=loc:38.74674+-9.100184
Imagem Animada,Universidade do Algarve - Escola Superior de Educação e Comunicação,detcursopi.asp?codc=8337&code=3081,http://maps.google.pt/maps?z=20&t=k&q=loc:37.02903+-7.922722
Imagem Médica e Radioterapia,Instituto Politécnico de Castelo Branco - Escola Superior de Saúde Dr. Lopes Dias,detcursopi.asp?codc=L066&code=7020,http://maps.google.pt/maps?z=20&t=k&q=loc:39.82057+-7.51405
Imagem Médica e Radioterapia,Instituto Politécnico de Coimbra - Escola Superior de Tecnologia da Saúde de Coimbra,detcursopi.asp?codc=L066&code=7210,http://maps.google.pt/maps?z=20&t=k&q=loc:40.19915+-8.461344
Imagem Médica e Radioterapia,Instituto Politécnico de Lisboa - Escola Superior de Tecnologia da Saúde de Lisboa,detcursopi.asp?codc=L066&code=7220,http://maps.google.pt/maps?z=20&t=k&q=loc:38.77607+-9.097442
Imagem Médica e Radioterapia,Instituto Politécnico do Porto - Escola Superior de Saúde,detcursopi.asp?codc=L066&code=7230,http://maps.google.pt/maps?z=20&t=k&q=loc:41.17779+-8.60693
Imagem Médica e Radioterapia,Universidade do Algarve - Escola Superior de Saúde,detcursopi.asp?codc=L066&code=7035,http://maps.google.pt/maps?z=20&t=k&q=loc:37.04394+-7.972298
Imagem Médica e Radioterapia,Universidade de Aveiro - Escola Superior de Saúde de Aveiro,detcursopi.asp?codc=L066&code=3013,http://maps.google.pt/maps?z=20&t=k&q=loc:40.62451+-8.659866
Imagem Médica e Radioterapia,Escola Superior de Saúde da Cruz Vermelha Portuguesa - Lisboa,detcursopi.asp?codc=L066&code=4091,http://maps.google.pt/maps?z=20&t=k&q=loc:38.71442+-9.176041
Imagem Médica e Radioterapia,Instituto Politécnico da Lusofonia - Escola Superior de Saúde Ribeiro Sanches,detcursopi.asp?codc=L066&code=4614,http://maps.google.pt/maps?z=20&t=k&q=loc:38.74674+-9.100184
Imagem Médica e Radioterapia,Instituto Politécnico de Saúde do Norte - CESPU - Escola Superior de Saúde do Vale do Ave,detcursopi.asp?codc=L066&code=4108,http://maps.google.pt/maps?z=20&t=k&q=loc:41.40671+-8.515314
Informação Turística,Escola Superior de Hotelaria e Turismo do Estoril,detcursopi.asp?codc=9183&code=7110,http://maps.google.pt/maps?z=20&t=k&q=loc:38.71722+-9.391944
Informática,Universidade dos Açores - Faculdade de Ciências e Tecnologia,detcursopi.asp?codc=9185&code=0160,http://maps.google.pt/maps?z=20&t=k&q=loc:37.74605+-25.66378
Informática,Instituto Politécnico de Santarém - Escola Superior de Gestão e Tecnologia de Santarém,detcursopi.asp?codc=9185&code=3143,http://maps.google.pt/maps?z=20&t=k&q=loc:39.22521+-8.690559
Informática,Instituto Superior Miguel Torga,detcursopi.asp?codc=9185&code=4500,http://maps.google.pt/maps?z=20&t=k&q=loc:40.21349+-8.41318
Informática,Universidade da Maia,detcursopi.asp?codc=9185&code=4630,http://maps.google.pt/maps?z=20&t=k&q=loc:41.26779+-8.617047
Informática e Comunicações,"Instituto Politécnico de Bragança - Escola Superior de Comunicação, Administração e Turismo de Mirandela",detcursopi.asp?codc=9188&code=3045,http://maps.google.pt/maps?z=20&t=k&q=loc:41.47761+-7.178407
Informática de Gestão,Instituto Politécnico de Bragança - Escola Superior de Tecnologia e de Gestão de Bragança,detcursopi.asp?codc=9186&code=3043,http://maps.google.pt/maps?z=20&t=k&q=loc:41.79637+-6.7689
Informática de Gestão,Instituto Politécnico de Coimbra - Instituto Superior de Contabilidade e Administração de Coimbra,detcursopi.asp?codc=9186&code=3063,http://maps.google.pt/maps?z=20&t=k&q=loc:42.12346+-8.27082
Informática de Gestão,Universidade Autónoma de Lisboa Luís de Camões,detcursopi.asp?codc=9186&code=2100,http://maps.google.pt/maps?z=20&t=k&q=loc:38.72433+-9.14589
Informática de Gestão,Universidade Europeia,detcursopi.asp?codc=9186&code=4350,http://maps.google.pt/maps?z=20&t=k&q=loc:38.77668+-9.193758
Informática de Gestão,ISLA Santarém - Instituto Politécnico - Escola Superior de Engenharia e Tecnologia,detcursopi.asp?codc=9186&code=4662,
Informática e Gestão de Empresas,ISCTE - Instituto Universitário de Lisboa,detcursopi.asp?codc=9189&code=6800,http://maps.google.pt/maps?z=20&t=k&q=loc:38.74875+-9.153692
Informática e Gestão de Empresas (regime pós-laboral),ISCTE - Instituto Universitário de Lisboa,detcursopi.asp?codc=8366&code=6800,http://maps.google.pt/maps?z=20&t=k&q=loc:38.74875+-9.153692
Informática Industrial,Instituto Politécnico de Coimbra - Instituto Superior de Engenharia de Coimbra,detcursopi.asp?codc=L226&code=3064,http://maps.google.pt/maps?z=20&t=k&q=loc:40.1929+-8.412338
Informática e Multimédia,Instituto Politécnico de Castelo Branco - Escola Superior de Tecnologia de Castelo Branco,detcursopi.asp?codc=L275&code=3053,http://maps.google.pt/maps?z=20&t=k&q=loc:39.81956+-7.511883
Informática para Comércio Eletrónico,ISLA - Instituto Politécnico de Gestão e Tecnologia - Escola Superior de Tecnologia,detcursopi.asp?codc=L287&code=4572,http://maps.google.pt/maps?z=20&t=k&q=loc:41.12411+-8.614039
Informática e Tecnologias Multimédia,Instituto Politécnico de Tomar - Escola Superior de Tecnologia de Abrantes,detcursopi.asp?codc=L143&code=3243,http://maps.google.pt/maps?z=20&t=k&q=loc:39.46782+-8.207817
"Informática Web, Móvel e na Nuvem",Universidade da Beira Interior,detcursopi.asp?codc=L303&code=0400,http://maps.google.pt/maps?z=20&t=k&q=loc:40.27736+-7.508574
Inteligência Artificial e Ciência de Dados,Universidade da Beira Interior,detcursopi.asp?codc=L227&code=0400,http://maps.google.pt/maps?z=20&t=k&q=loc:40.27736+-7.508574
Inteligência Artificial e Ciência de Dados,Universidade de Coimbra - Faculdade de Ciências e Tecnologia,detcursopi.asp?codc=L227&code=0501,http://maps.google.pt/maps?z=20&t=k&q=loc:40.18623+-8.412266
Inteligência Artificial e Ciência de Dados,Universidade de Évora - Escola de Ciências e Tecnologia,detcursopi.asp?codc=L227&code=0602,http://maps.google.pt/maps?z=20&t=k&q=loc:38.56832+-7.910306
Inteligência Artificial e Ciência de Dados,Universidade do Porto - Faculdade de Ciências,detcursopi.asp?codc=L227&code=1103,http://maps.google.pt/maps?z=20&t=k&q=loc:41.15242+-8.637816
Jazz e Música Moderna,Universidade Lusíada - Centro Universitário Lusíada - Lisboa,detcursopi.asp?codc=8175&code=2410,http://maps.google.pt/maps?z=20&t=k&q=loc:38.69799+-9.192036
Jogos Digitais e Multimédia (ensino em inglês),Instituto Politécnico de Leiria - Escola Superior de Tecnologia e Gestão,detcursopi.asp?codc=A014&code=3102,http://maps.google.pt/maps?z=20&t=k&q=loc:39.73444+-8.821389
Jornalismo,Instituto Politécnico de Lisboa - Escola Superior de Comunicação Social,detcursopi.asp?codc=9191&code=3113,http://maps.google.pt/maps?z=20&t=k&q=loc:38.74665+-9.19476
Jornalismo,Instituto Superior Miguel Torga,detcursopi.asp?codc=9191&code=4500,http://maps.google.pt/maps?z=20&t=k&q=loc:40.21349+-8.41318
Jornalismo e Comunicação,Universidade de Coimbra - Faculdade de Letras,detcursopi.asp?codc=9773&code=0505,http://maps.google.pt/maps?z=20&t=k&q=loc:40.20647+-8.428684
Jornalismo e Comunicação,"Instituto Politécnico de Bragança - Escola Superior de Comunicação, Administração e Turismo de Mirandela",detcursopi.asp?codc=9773&code=3045,http://maps.google.pt/maps?z=20&t=k&q=loc:41.47761+-7.178407
Jornalismo e Comunicação,Instituto Politécnico de Portalegre - Escola Superior de Educação e Ciências Sociais,detcursopi.asp?codc=9773&code=3121,http://maps.google.pt/maps?z=20&t=k&q=loc:39.28958+-7.429967
Língua Gestual Portuguesa,Instituto Politécnico de Coimbra - Escola Superior de Educação de Coimbra,detcursopi.asp?codc=9774&code=3062,http://maps.google.pt/maps?z=20&t=k&q=loc:40.20522+-8.405957
Línguas Aplicadas,Universidade do Minho,detcursopi.asp?codc=9192&code=1000,http://maps.google.pt/maps?z=20&t=k&q=loc:41.33284+-8.253481
Línguas Aplicadas,Universidade do Porto - Faculdade de Letras,detcursopi.asp?codc=9192&code=1107,http://maps.google.pt/maps?z=20&t=k&q=loc:41.15155+-8.63262
Línguas e Comunicação Intercultural,Universidade do Algarve - Faculdade de Ciências Humanas e Sociais,detcursopi.asp?codc=L252&code=0201,http://maps.google.pt/maps?z=20&t=k&q=loc:37.04408+-7.972222
Línguas e Culturas Estrangeiras,Instituto Politécnico do Porto - Escola Superior de Educação,detcursopi.asp?codc=8002&code=3131,http://maps.google.pt/maps?z=20&t=k&q=loc:41.1799+-8.598137
Línguas Estrangeiras Aplicadas,Universidade Católica Portuguesa - Faculdade de Ciências Humanas,detcursopi.asp?codc=9378&code=2220,
Línguas Estrangeiras: Inglês e Espanhol,Instituto Politécnico de Bragança - Escola Superior de Educação de Bragança,detcursopi.asp?codc=8323&code=3042,http://maps.google.pt/maps?z=20&t=k&q=loc:41.7977+-6.7672
Línguas e Estudos Editoriais,Universidade de Aveiro,detcursopi.asp?codc=9194&code=0300,http://maps.google.pt/maps?z=20&t=k&q=loc:40.63118+-8.657394
Línguas e Literaturas,Universidade de Évora - Escola de Ciências Sociais,detcursopi.asp?codc=L047&code=0604,http://maps.google.pt/maps?z=20&t=k&q=loc:38.57381+-7.906329
Línguas e Literaturas Europeias,Universidade do Minho,detcursopi.asp?codc=9195&code=1000,http://maps.google.pt/maps?z=20&t=k&q=loc:41.33284+-8.253481
Línguas Modernas,Universidade de Coimbra - Faculdade de Letras,detcursopi.asp?codc=9779&code=0505,http://maps.google.pt/maps?z=20&t=k&q=loc:40.20647+-8.428684
Línguas para Relações Internacionais,Instituto Politécnico de Bragança - Escola Superior de Educação de Bragança,detcursopi.asp?codc=8374&code=3042,http://maps.google.pt/maps?z=20&t=k&q=loc:41.7977+-6.7672
Línguas e Relações Empresariais,Universidade de Aveiro,detcursopi.asp?codc=9196&code=0300,http://maps.google.pt/maps?z=20&t=k&q=loc:40.63118+-8.657394
Línguas e Relações Empresariais,Universidade da Madeira - Faculdade de Artes e Humanidades,detcursopi.asp?codc=9196&code=1306,http://maps.google.pt/maps?z=20&t=k&q=loc:32.65928+-16.9251
Línguas e Relações Empresariais,Universidade de Trás-os-Montes e Alto Douro - Escola de Ciências Humanas e Sociais,detcursopi.asp?codc=9196&code=1202,http://maps.google.pt/maps?z=20&t=k&q=loc:41.28739+-7.738986
Línguas e Relações Internacionais,Universidade do Porto - Faculdade de Letras,detcursopi.asp?codc=9197&code=1107,http://maps.google.pt/maps?z=20&t=k&q=loc:41.15155+-8.63262
"Línguas, Literaturas e Culturas",Universidade do Algarve - Faculdade de Ciências Humanas e Sociais,detcursopi.asp?codc=9204&code=0201,http://maps.google.pt/maps?z=20&t=k&q=loc:37.04408+-7.972222
"Línguas, Literaturas e Culturas",Universidade de Aveiro,detcursopi.asp?codc=9204&code=0300,http://maps.google.pt/maps?z=20&t=k&q=loc:40.63118+-8.657394
"Línguas, Literaturas e Culturas",Universidade de Lisboa - Faculdade de Letras,detcursopi.asp?codc=9204&code=1506,http://maps.google.pt/maps?z=20&t=k&q=loc:38.75359+-9.157651
"Línguas, Literaturas e Culturas",Universidade Nova de Lisboa - Faculdade de Ciências Sociais e Humanas,detcursopi.asp?codc=9204&code=0902,http://maps.google.pt/maps?z=20&t=k&q=loc:38.74025+-9.151129
"Línguas, Literaturas e Culturas",Universidade do Porto - Faculdade de Letras,detcursopi.asp?codc=9204&code=1107,http://maps.google.pt/maps?z=20&t=k&q=loc:41.15155+-8.63262
"Línguas, Literaturas e Culturas",Universidade de Trás-os-Montes e Alto Douro - Escola de Ciências Humanas e Sociais,detcursopi.asp?codc=9204&code=1202,http://maps.google.pt/maps?z=20&t=k&q=loc:41.28739+-7.738986
Literatura e Estudos Interartes,Universidade do Porto - Faculdade de Letras,detcursopi.asp?codc=L251&code=1107,http://maps.google.pt/maps?z=20&t=k&q=loc:41.15155+-8.63262
Marketing,Universidade da Beira Interior,detcursopi.asp?codc=9205&code=0400,http://maps.google.pt/maps?z=20&t=k&q=loc:40.27736+-7.508574
Marketing,Universidade do Minho,detcursopi.asp?codc=9205&code=1000,http://maps.google.pt/maps?z=20&t=k&q=loc:41.33284+-8.253481
Marketing,"Instituto Politécnico de Bragança - Escola Superior de Comunicação, Administração e Turismo de Mirandela",detcursopi.asp?codc=9205&code=3045,http://maps.google.pt/maps?z=20&t=k&q=loc:41.47761+-7.178407
Marketing,Instituto Politécnico de Coimbra - Escola Superior de Tecnologia e Gestão de Oliveira do Hospital,detcursopi.asp?codc=9205&code=3065,http://maps.google.pt/maps?z=20&t=k&q=loc:40.36106+-7.861083
Marketing,Instituto Politécnico da Guarda - Escola Superior de Tecnologia e Gestão,detcursopi.asp?codc=9205&code=3092,http://maps.google.pt/maps?z=20&t=k&q=loc:40.54139+-7.28329
Marketing,Instituto Politécnico de Leiria - Escola Superior de Tecnologia e Gestão,detcursopi.asp?codc=9205&code=3102,http://maps.google.pt/maps?z=20&t=k&q=loc:39.73444+-8.821389
Marketing,Instituto Politécnico do Porto - Instituto Superior de Contabilidade e Administração do Porto,detcursopi.asp?codc=9205&code=3134,http://maps.google.pt/maps?z=20&t=k&q=loc:41.18986+-8.598206
Marketing,Instituto Politécnico de Setúbal - Escola Superior de Ciências Empresariais,detcursopi.asp?codc=9205&code=3153,http://maps.google.pt/maps?z=20&t=k&q=loc:38.52306+-8.841667
Marketing,Instituto Politécnico de Viseu - Escola Superior de Tecnologia e Gestão de Viseu,detcursopi.asp?codc=9205&code=3182,http://maps.google.pt/maps?z=20&t=k&q=loc:40.64449+-7.921137
Marketing,"Universidade do Algarve - Escola Superior de Gestão, Hotelaria e Turismo",detcursopi.asp?codc=9205&code=3082,http://maps.google.pt/maps?z=20&t=k&q=loc:37.02928+-7.923611
Marketing,Universidade de Aveiro - Instituto Superior de Contabilidade e Administração de Aveiro,detcursopi.asp?codc=9205&code=3011,http://maps.google.pt/maps?z=20&t=k&q=loc:40.63046+-8.653306
Marketing,Universidade Lusíada - Centro Universitário Lusíada - Lisboa,detcursopi.asp?codc=9205&code=2410,http://maps.google.pt/maps?z=20&t=k&q=loc:38.69799+-9.192036
Marketing,Universidade Lusíada - Centro Universitário Lusíada - Norte - Porto,detcursopi.asp?codc=9205&code=2440,http://maps.google.pt/maps?z=20&t=k&q=loc:41.1687+-8.661802
Marketing,Universidade Portucalense Infante D. Henrique,detcursopi.asp?codc=9205&code=2500,http://maps.google.pt/maps?z=20&t=k&q=loc:41.18032+-8.605047
Marketing,Instituto Português de Administração de Marketing de Lisboa,detcursopi.asp?codc=9205&code=4156,http://maps.google.pt/maps?z=20&t=k&q=loc:38.76037+-9.193671
Marketing,Instituto Português de Administração de Marketing do Porto,detcursopi.asp?codc=9205&code=4155,http://maps.google.pt/maps?z=20&t=k&q=loc:41.17588+-8.64978
Marketing e Comunicação Empresariais,Instituto Politécnico de Viana do Castelo - Escola Superior de Ciências Empresariais,detcursopi.asp?codc=L366&code=3164,http://maps.google.pt/maps?z=20&t=k&q=loc:42.02595+-8.641592
Marketing e Negócios Internacionais,Instituto Politécnico de Coimbra - Instituto Superior de Contabilidade e Administração de Coimbra,detcursopi.asp?codc=L023&code=3063,http://maps.google.pt/maps?z=20&t=k&q=loc:42.12346+-8.27082
Marketing e Publicidade,Universidade Europeia,detcursopi.asp?codc=9206&code=4350,http://maps.google.pt/maps?z=20&t=k&q=loc:38.77668+-9.193758
Marketing e Publicidade,Instituto Superior de Ciências Empresariais e do Turismo,detcursopi.asp?codc=9206&code=4280,http://maps.google.pt/maps?z=20&t=k&q=loc:41.152+-8.617905
Marketing (regime pós-laboral),Instituto Politécnico do Porto - Instituto Superior de Contabilidade e Administração do Porto,detcursopi.asp?codc=8005&code=3134,http://maps.google.pt/maps?z=20&t=k&q=loc:41.18986+-8.598206
Marketing (regime pós-laboral),Universidade de Aveiro - Instituto Superior de Contabilidade e Administração de Aveiro,detcursopi.asp?codc=8005&code=3011,http://maps.google.pt/maps?z=20&t=k&q=loc:40.63046+-8.653306
Marketing Turístico,Instituto Politécnico de Leiria - Escola Superior de Turismo e Tecnologia do Mar,detcursopi.asp?codc=9207&code=3105,http://maps.google.pt/maps?z=20&t=k&q=loc:39.36472+-9.403056
"Marketing, Publicidade e Relações Públicas",Instituto Superior de Entre Douro e Vouga,detcursopi.asp?codc=9208&code=4283,http://maps.google.pt/maps?z=20&t=k&q=loc:40.92438+-8.544944
Matemática,Universidade de Aveiro,detcursopi.asp?codc=9209&code=0300,http://maps.google.pt/maps?z=20&t=k&q=loc:40.63118+-8.657394
Matemática,Universidade de Coimbra - Faculdade de Ciências e Tecnologia,detcursopi.asp?codc=9209&code=0501,http://maps.google.pt/maps?z=20&t=k&q=loc:40.18623+-8.412266
Matemática,Universidade de Évora - Escola de Ciências e Tecnologia,detcursopi.asp?codc=9209&code=0602,http://maps.google.pt/maps?z=20&t=k&q=loc:38.56832+-7.910306
Matemática,Universidade de Lisboa - Faculdade de Ciências,detcursopi.asp?codc=9209&code=1503,http://maps.google.pt/maps?z=20&t=k&q=loc:38.75676+-9.155387
Matemática,Universidade da Madeira - Faculdade de Ciências Exatas e da Engenharia,detcursopi.asp?codc=9209&code=1307,http://maps.google.pt/maps?z=20&t=k&q=loc:32.65928+-16.9251
Matemática,Universidade do Minho,detcursopi.asp?codc=9209&code=1000,http://maps.google.pt/maps?z=20&t=k&q=loc:41.33284+-8.253481
Matemática,Universidade Nova de Lisboa - Faculdade de Ciências e Tecnologia,detcursopi.asp?codc=9209&code=0903,http://maps.google.pt/maps?z=20&t=k&q=loc:38.66165+-9.206682
Matemática,Universidade do Porto - Faculdade de Ciências,detcursopi.asp?codc=9209&code=1103,http://maps.google.pt/maps?z=20&t=k&q=loc:41.15242+-8.637816
Matemática e Aplicações,Universidade da Beira Interior,detcursopi.asp?codc=9835&code=0400,http://maps.google.pt/maps?z=20&t=k&q=loc:40.27736+-7.508574
Matemática Aplicada,Universidade de Lisboa - Faculdade de Ciências,detcursopi.asp?codc=9385&code=1503,http://maps.google.pt/maps?z=20&t=k&q=loc:38.75676+-9.155387
Matemática Aplicada,Universidade do Porto - Faculdade de Ciências,detcursopi.asp?codc=9385&code=1103,http://maps.google.pt/maps?z=20&t=k&q=loc:41.15242+-8.637816
Matemática Aplicada à Economia e à Gestão,Universidade do Algarve - Faculdade de Ciências e Tecnologia,detcursopi.asp?codc=9210&code=0203,http://maps.google.pt/maps?z=20&t=k&q=loc:37.04408+-7.972222
Matemática Aplicada à Economia e à Gestão,Universidade de Évora - Escola de Ciências e Tecnologia,detcursopi.asp?codc=9210&code=0602,http://maps.google.pt/maps?z=20&t=k&q=loc:38.56832+-7.910306
Matemática Aplicada à Economia e à Gestão,Universidade de Lisboa - Instituto Superior de Economia e Gestão,detcursopi.asp?codc=9210&code=1517,http://maps.google.pt/maps?z=20&t=k&q=loc:38.70972+-9.155651
Matemática Aplicada à Economia e à Gestão (ensino em inglês),Universidade de Lisboa - Instituto Superior de Economia e Gestão,detcursopi.asp?codc=A018&code=1517,http://maps.google.pt/maps?z=20&t=k&q=loc:38.70972+-9.155651
Matemática Aplicada à Gestão do Risco,Universidade Nova de Lisboa - Faculdade de Ciências e Tecnologia,detcursopi.asp?codc=L167&code=0903,http://maps.google.pt/maps?z=20&t=k&q=loc:38.66165+-9.206682
Matemática Aplicada à Tecnologia e à Empresa,Instituto Politécnico de Lisboa - Instituto Superior de Engenharia de Lisboa,detcursopi.asp?codc=L117&code=3118,http://maps.google.pt/maps?z=20&t=k&q=loc:38.75568+-9.113923
Matemática Aplicada e Computação,Universidade de Lisboa - Instituto Superior Técnico,detcursopi.asp?codc=9345&code=1518,http://maps.google.pt/maps?z=20&t=k&q=loc:38.73688+-9.13691
Matemática Aplicada e Ciência de Dados,Universidade de Trás-os-Montes e Alto Douro - Escola de Ciências e Tecnologia,detcursopi.asp?codc=L193&code=1203,http://maps.google.pt/maps?z=20&t=k&q=loc:41.28739+-7.738986
Matemática Aplicada e Tecnologias Digitais,ISCTE - Instituto Universitário de Lisboa (Sintra),detcursopi.asp?codc=L321&code=6810,http://maps.google.pt/maps?z=20&t=k&q=loc:38.80215+-9.382696
Mecânica e Informática Industrial,Instituto Politécnico da Guarda - Escola Superior de Tecnologia e Gestão,detcursopi.asp?codc=L196&code=3092,http://maps.google.pt/maps?z=20&t=k&q=loc:40.54139+-7.28329
Mediação Artística e Cultural,Instituto Politécnico de Lisboa - Escola Superior de Educação,detcursopi.asp?codc=L134&code=3112,http://maps.google.pt/maps?z=20&t=k&q=loc:38.74616+-9.195106
Medicina,Universidade de Aveiro,detcursopi.asp?codc=9813&code=0300,http://maps.google.pt/maps?z=20&t=k&q=loc:40.63118+-8.657394
Medicina,Universidade da Beira Interior,detcursopi.asp?codc=9813&code=0400,http://maps.google.pt/maps?z=20&t=k&q=loc:40.27736+-7.508574
Medicina,Universidade de Coimbra - Faculdade de Medicina,detcursopi.asp?codc=9813&code=0506,http://maps.google.pt/maps?z=20&t=k&q=loc:40.21902+-8.416386
Medicina,Universidade de Lisboa - Faculdade de Medicina,detcursopi.asp?codc=9813&code=1507,http://maps.google.pt/maps?z=20&t=k&q=loc:38.74874+-9.160639
Medicina,Universidade do Minho,detcursopi.asp?codc=9813&code=1000,http://maps.google.pt/maps?z=20&t=k&q=loc:41.33284+-8.253481
Medicina,Universidade Nova de Lisboa - Faculdade de Ciências Médicas,detcursopi.asp?codc=9813&code=0901,http://maps.google.pt/maps?z=20&t=k&q=loc:38.72019+-9.139704
Medicina,Universidade do Porto - Faculdade de Medicina,detcursopi.asp?codc=9813&code=1108,http://maps.google.pt/maps?z=20&t=k&q=loc:41.18273+-8.600299
Medicina,Universidade do Porto - Instituto de Ciências Biomédicas Abel Salazar,detcursopi.asp?codc=9813&code=1110,http://maps.google.pt/maps?z=20&t=k&q=loc:41.14777+-8.624307
Medicina,Universidade Católica Portuguesa - Faculdade de Medicina,detcursopi.asp?codc=9813&code=2299,http://maps.google.pt/maps?z=20&t=k&q=loc:38.7513+-9.312444
Medicina,Universidade Fernando Pessoa,detcursopi.asp?codc=9813&code=2750,http://maps.google.pt/maps?z=20&t=k&q=loc:41.17292+-8.611185
Medicina Dentária,Universidade de Coimbra - Faculdade de Medicina,detcursopi.asp?codc=9548&code=0506,http://maps.google.pt/maps?z=20&t=k&q=loc:40.21902+-8.416386
Medicina Dentária,Universidade de Lisboa - Faculdade de Medicina Dentária,detcursopi.asp?codc=9548&code=1508,http://maps.google.pt/maps?z=20&t=k&q=loc:38.74921+-9.15499
Medicina Dentária,Universidade do Porto - Faculdade de Medicina Dentária,detcursopi.asp?codc=9548&code=1113,http://maps.google.pt/maps?z=20&t=k&q=loc:41.17414+-8.603376
Medicina Dentária,Instituto Universitário de Ciências da Saúde - CESPU,detcursopi.asp?codc=9548&code=4650,http://maps.google.pt/maps?z=20&t=k&q=loc:41.18351+-8.445928
Medicina Dentária,Instituto Universitário Egas Moniz,detcursopi.asp?codc=9548&code=4260,http://maps.google.pt/maps?z=20&t=k&q=loc:38.6669+-9.200091
Medicina Dentária,Universidade Católica Portuguesa - Faculdade de Medicina Dentária,detcursopi.asp?codc=9548&code=2227,http://maps.google.pt/maps?z=20&t=k&q=loc:40.6537+-7.9062
Medicina Dentária,Universidade Fernando Pessoa,detcursopi.asp?codc=9548&code=2750,http://maps.google.pt/maps?z=20&t=k&q=loc:41.17292+-8.611185
Medicina Tradicional Chinesa,Instituto Politécnico Jean Piaget do Sul - Escola Superior de Saúde Jean Piaget de Almada,detcursopi.asp?codc=L333&code=4604,http://maps.google.pt/maps?z=20&t=k&q=loc:38.6664+-9.1769
Medicina Veterinária,Universidade de Évora - Escola de Ciências e Tecnologia,detcursopi.asp?codc=9847&code=0602,http://maps.google.pt/maps?z=20&t=k&q=loc:38.56832+-7.910306
Medicina Veterinária,Universidade de Lisboa - Faculdade de Medicina Veterinária,detcursopi.asp?codc=9847&code=1509,http://maps.google.pt/maps?z=20&t=k&q=loc:38.71408+-9.195294
Medicina Veterinária,Universidade do Porto - Instituto de Ciências Biomédicas Abel Salazar,detcursopi.asp?codc=9847&code=1110,http://maps.google.pt/maps?z=20&t=k&q=loc:41.14777+-8.624307
Medicina Veterinária,Universidade de Trás-os-Montes e Alto Douro - Escola de Ciências Agrárias e Veterinárias,detcursopi.asp?codc=9847&code=1201,http://maps.google.pt/maps?z=20&t=k&q=loc:41.28739+-7.738986
Medicina Veterinária,Escola Universitária Vasco da Gama,detcursopi.asp?codc=9847&code=4126,http://maps.google.pt/maps?z=20&t=k&q=loc:40.23515+-8.415624
Medicina Veterinária,Instituto Universitário de Ciências da Saúde - CESPU,detcursopi.asp?codc=9847&code=4650,http://maps.google.pt/maps?z=20&t=k&q=loc:41.18351+-8.445928
Medicina Veterinária,Instituto Universitário Egas Moniz,detcursopi.asp?codc=9847&code=4260,http://maps.google.pt/maps?z=20&t=k&q=loc:38.6669+-9.200091
Medicina Veterinária (Preparatórios),Universidade dos Açores - Faculdade de Ciências Agrárias e do Ambiente,detcursopi.asp?codc=8086&code=0140,http://maps.google.pt/maps?z=20&t=k&q=loc:38.6585+-27.234
"Meteorologia, Oceanografia e Clima",Universidade de Aveiro,detcursopi.asp?codc=L298&code=0300,http://maps.google.pt/maps?z=20&t=k&q=loc:40.63118+-8.657394
"Meteorologia, Oceanografia e Geofísica",Universidade de Lisboa - Faculdade de Ciências,detcursopi.asp?codc=9212&code=1503,http://maps.google.pt/maps?z=20&t=k&q=loc:38.75676+-9.155387
Microbiologia,Universidade Católica Portuguesa - Escola Superior de Biotecnologia,detcursopi.asp?codc=8257&code=2210,http://maps.google.pt/maps?z=20&t=k&q=loc:41.15398+-8.673013
Multimédia,"Instituto Politécnico de Bragança - Escola Superior de Comunicação, Administração e Turismo de Mirandela",detcursopi.asp?codc=9213&code=3045,http://maps.google.pt/maps?z=20&t=k&q=loc:41.47761+-7.178407
Multimédia,Instituto Politécnico do Porto - Escola Superior de Media Artes e Design,detcursopi.asp?codc=9213&code=3331,http://maps.google.pt/maps?z=20&t=k&q=loc:41.36633+-8.739719
Multimédia,Instituto Superior Miguel Torga,detcursopi.asp?codc=9213&code=4500,http://maps.google.pt/maps?z=20&t=k&q=loc:40.21349+-8.41318
Multimédia,ISLA - Instituto Politécnico de Gestão e Tecnologia - Escola Superior de Tecnologia,detcursopi.asp?codc=9213&code=4572,http://maps.google.pt/maps?z=20&t=k&q=loc:41.12411+-8.614039
Multimédia e Artes,Universidade Portucalense Infante D. Henrique,detcursopi.asp?codc=L182&code=2500,http://maps.google.pt/maps?z=20&t=k&q=loc:41.18032+-8.605047
Multimédia e Tecnologias da Comunicação,Universidade de Aveiro,detcursopi.asp?codc=L254&code=0300,http://maps.google.pt/maps?z=20&t=k&q=loc:40.63118+-8.657394
Música,Universidade de Aveiro,detcursopi.asp?codc=9214&code=0300,http://maps.google.pt/maps?z=20&t=k&q=loc:40.63118+-8.657394
Música,Universidade de Évora - Escola de Artes,detcursopi.asp?codc=9214&code=0603,http://maps.google.pt/maps?z=20&t=k&q=loc:38.56902+-7.911873
Música,Universidade do Minho,detcursopi.asp?codc=9214&code=1000,http://maps.google.pt/maps?z=20&t=k&q=loc:41.33284+-8.253481
Música em Contextos Comunitários,Instituto Politécnico de Bragança - Escola Superior de Educação de Bragança,detcursopi.asp?codc=L175&code=3042,http://maps.google.pt/maps?z=20&t=k&q=loc:41.7977+-6.7672
Música na Comunidade,Instituto Politécnico de Lisboa,detcursopi.asp?codc=8009&code=3110,http://maps.google.pt/maps?z=20&t=k&q=loc:39.00361+-9.349444
"Música, variante de Composição, Direção e Formação Musical",Instituto Politécnico de Lisboa - Escola Superior de Música,detcursopi.asp?codc=L012&code=3114,http://maps.google.pt/maps?z=20&t=k&q=loc:38.74691+-9.196713
"Música, variante de Formação Musical, Direção Coral e Instrumental",Instituto Politécnico de Castelo Branco - Escola Superior de Artes Aplicadas,detcursopi.asp?codc=L184&code=3055,http://maps.google.pt/maps?z=20&t=k&q=loc:38.81918+-7.455066
"Música, variante de Instrumento",Instituto Politécnico de Castelo Branco - Escola Superior de Artes Aplicadas,detcursopi.asp?codc=9784&code=3055,http://maps.google.pt/maps?z=20&t=k&q=loc:38.81918+-7.455066
"Música, variante de Instrumento e Canto",Instituto Politécnico do Porto - Escola Superior de Música e Artes do Espectáculo,detcursopi.asp?codc=L240&code=3132,http://maps.google.pt/maps?z=20&t=k&q=loc:41.15432+-8.603181
"Música, variante de Música Eletrónica e Produção Musical",Instituto Politécnico de Castelo Branco - Escola Superior de Artes Aplicadas,detcursopi.asp?codc=9816&code=3055,http://maps.google.pt/maps?z=20&t=k&q=loc:38.81918+-7.455066
"Música, variante de Canto",Instituto Politécnico de Castelo Branco - Escola Superior de Artes Aplicadas,detcursopi.asp?codc=9836&code=3055,http://maps.google.pt/maps?z=20&t=k&q=loc:38.81918+-7.455066
"Música, variante de Composição",Instituto Politécnico do Porto - Escola Superior de Música e Artes do Espectáculo,detcursopi.asp?codc=9837&code=3132,http://maps.google.pt/maps?z=20&t=k&q=loc:41.15432+-8.603181
"Música, variante de Execução",Instituto Politécnico de Lisboa - Escola Superior de Música,detcursopi.asp?codc=9782&code=3114,http://maps.google.pt/maps?z=20&t=k&q=loc:38.74691+-9.196713
"Música, variante de Jazz",Instituto Politécnico do Porto - Escola Superior de Música e Artes do Espectáculo,detcursopi.asp?codc=9838&code=3132,http://maps.google.pt/maps?z=20&t=k&q=loc:41.15432+-8.603181
"Música, variante de Jazz (regime pós-laboral)",Instituto Politécnico de Lisboa - Escola Superior de Música,detcursopi.asp?codc=8343&code=3114,http://maps.google.pt/maps?z=20&t=k&q=loc:38.74691+-9.196713
"Música, variante de Música Antiga",Instituto Politécnico do Porto - Escola Superior de Música e Artes do Espectáculo,detcursopi.asp?codc=9839&code=3132,http://maps.google.pt/maps?z=20&t=k&q=loc:41.15432+-8.603181
"Música, variante de Produção e Tecnologias da Música",Instituto Politécnico do Porto - Escola Superior de Música e Artes do Espectáculo,detcursopi.asp?codc=9840&code=3132,http://maps.google.pt/maps?z=20&t=k&q=loc:41.15432+-8.603181
Negócios e Comércio Internacional,Instituto Politécnico da Maia - Escola Superior de Tecnologia e Gestão,detcursopi.asp?codc=L166&code=4582,http://maps.google.pt/maps?z=20&t=k&q=loc:41.26783+-8.6172
Negócios Globais,Instituto Português de Administração de Marketing do Porto,detcursopi.asp?codc=L314&code=4155,http://maps.google.pt/maps?z=20&t=k&q=loc:41.17588+-8.64978
Negócios Internacionais,Universidade do Minho,detcursopi.asp?codc=9785&code=1000,http://maps.google.pt/maps?z=20&t=k&q=loc:41.33284+-8.253481
Negócios Internacionais,Instituto Politécnico de Santarém - Escola Superior de Gestão e Tecnologia de Santarém,detcursopi.asp?codc=9785&code=3143,http://maps.google.pt/maps?z=20&t=k&q=loc:39.22521+-8.690559
Ótica e Optometria,ISEC Lisboa - Instituto Superior de Educação e Ciências,detcursopi.asp?codc=L036&code=4298,http://maps.google.pt/maps?z=20&t=k&q=loc:38.76894+-9.15895
Optometria e Ciências da Visão,Universidade da Beira Interior,detcursopi.asp?codc=8184&code=0400,http://maps.google.pt/maps?z=20&t=k&q=loc:40.27736+-7.508574
Optometria e Ciências da Visão,Universidade do Minho,detcursopi.asp?codc=8184&code=1000,http://maps.google.pt/maps?z=20&t=k&q=loc:41.33284+-8.253481
Organização e Gestão Empresariais,Instituto Politécnico de Viana do Castelo - Escola Superior de Ciências Empresariais,detcursopi.asp?codc=8516&code=3164,http://maps.google.pt/maps?z=20&t=k&q=loc:42.02595+-8.641592
Ortoprotesia,Instituto Politécnico de Lisboa - Escola Superior de Tecnologia da Saúde de Lisboa,detcursopi.asp?codc=8152&code=7220,http://maps.google.pt/maps?z=20&t=k&q=loc:38.77607+-9.097442
Ortóptica,Instituto Politécnico do Porto - Escola Superior de Saúde,detcursopi.asp?codc=8143&code=7230,http://maps.google.pt/maps?z=20&t=k&q=loc:41.17779+-8.60693
Ortóptica e Ciências da Visão,Instituto Politécnico de Lisboa - Escola Superior de Tecnologia da Saúde de Lisboa,detcursopi.asp?codc=L161&code=7220,http://maps.google.pt/maps?z=20&t=k&q=loc:38.77607+-9.097442
Osteopatia,Instituto Politécnico de Bragança - Escola Superior de Hotelaria e Bem-Estar,detcursopi.asp?codc=L136&code=3046,http://maps.google.pt/maps?z=20&t=k&q=loc:41.74203+-7.470944
Osteopatia,Instituto Politécnico do Porto - Escola Superior de Saúde,detcursopi.asp?codc=L136&code=7230,http://maps.google.pt/maps?z=20&t=k&q=loc:41.17779+-8.60693
Osteopatia,Escola Superior de Saúde Atlântica,detcursopi.asp?codc=L136&code=4590,http://maps.google.pt/maps?z=20&t=k&q=loc:38.74141+-9.284575
Osteopatia,Escola Superior de Saúde da Cruz Vermelha Portuguesa - Lisboa,detcursopi.asp?codc=L136&code=4091,http://maps.google.pt/maps?z=20&t=k&q=loc:38.71442+-9.176041
Osteopatia,Escola Superior de Saúde Norte da Cruz Vermelha Portuguesa,detcursopi.asp?codc=L136&code=4089,http://maps.google.pt/maps?z=20&t=k&q=loc:40.83691+-8.472358
Osteopatia,Instituto Politécnico Jean Piaget do Sul - Escola Superior de Saúde Jean Piaget do Algarve,detcursopi.asp?codc=L136&code=4603,http://maps.google.pt/maps?z=20&t=k&q=loc:37.1964+-8.4336
Osteopatia,Instituto Politécnico da Lusofonia - Escola Superior de Saúde Ribeiro Sanches,detcursopi.asp?codc=L136&code=4614,http://maps.google.pt/maps?z=20&t=k&q=loc:38.74674+-9.100184
Osteopatia,Instituto Politécnico de Saúde do Norte - CESPU - Escola Superior de Saúde do Vale do Ave,detcursopi.asp?codc=L136&code=4108,http://maps.google.pt/maps?z=20&t=k&q=loc:41.40671+-8.515314
Património Cultural,Universidade de Évora - Escola de Ciências Sociais,detcursopi.asp?codc=9787&code=0604,http://maps.google.pt/maps?z=20&t=k&q=loc:38.57381+-7.906329
Património Cultural e Arqueologia,Universidade do Algarve - Faculdade de Ciências Humanas e Sociais,detcursopi.asp?codc=8509&code=0201,http://maps.google.pt/maps?z=20&t=k&q=loc:37.04408+-7.972222
Pilotagem,Escola Superior Náutica Infante D. Henrique,detcursopi.asp?codc=9789&code=7105,http://maps.google.pt/maps?z=20&t=k&q=loc:38.69206+-9.298875
Pintura,Universidade de Lisboa - Faculdade de Belas-Artes,detcursopi.asp?codc=9790&code=1502,http://maps.google.pt/maps?z=20&t=k&q=loc:38.70903+-9.156942
Planeamento e Gestão do Território,Universidade de Lisboa - Instituto de Geografia e Ordenamento do Território,detcursopi.asp?codc=8411&code=1514,http://maps.google.pt/maps?z=20&t=k&q=loc:38.74934+-9.15258
Podologia,Escola Superior de Saúde da Cruz Vermelha Portuguesa - Lisboa,detcursopi.asp?codc=8249&code=4091,http://maps.google.pt/maps?z=20&t=k&q=loc:38.71442+-9.176041
Podologia,Instituto Politécnico de Saúde do Norte - CESPU - Escola Superior de Saúde do Vale do Ave,detcursopi.asp?codc=8249&code=4108,http://maps.google.pt/maps?z=20&t=k&q=loc:41.40671+-8.515314
"Política, Economia e Sociedade",ISCTE - Instituto Universitário de Lisboa (Sintra),detcursopi.asp?codc=L274&code=6810,http://maps.google.pt/maps?z=20&t=k&q=loc:38.80215+-9.382696
Português,Universidade de Coimbra - Faculdade de Letras,detcursopi.asp?codc=8393&code=0505,http://maps.google.pt/maps?z=20&t=k&q=loc:40.20647+-8.428684
Produção Alimentar em Restauração,Escola Superior de Hotelaria e Turismo do Estoril,detcursopi.asp?codc=9217&code=7110,http://maps.google.pt/maps?z=20&t=k&q=loc:38.71722+-9.391944
Produção Alimentar em Restauração (regime pós-laboral),Escola Superior de Hotelaria e Turismo do Estoril,detcursopi.asp?codc=8011&code=7110,http://maps.google.pt/maps?z=20&t=k&q=loc:38.71722+-9.391944
Produção Digital em Comunicação de Marca,Instituto Politécnico da Maia - Escola Superior de Tecnologia e Gestão,detcursopi.asp?codc=L232&code=4582,http://maps.google.pt/maps?z=20&t=k&q=loc:41.26783+-8.6172
Produção Multimédia em Educação,Instituto Politécnico de Santarém - Escola Superior de Educação de Santarém,detcursopi.asp?codc=L179&code=3142,http://maps.google.pt/maps?z=20&t=k&q=loc:39.22225+-8.688641
Programação e Produção Cultural,Instituto Politécnico de Leiria - Escola Superior de Artes e Design,detcursopi.asp?codc=L127&code=3103,http://maps.google.pt/maps?z=20&t=k&q=loc:39.39528+-9.135278
Proteção Civil,Instituto Superior de Ciências da Informação e da Administração,detcursopi.asp?codc=9218&code=4277,http://maps.google.pt/maps?z=20&t=k&q=loc:40.63694+-8.6325
Proteção Civil e Gestão de Riscos,Universidade dos Açores - Faculdade de Ciências e Tecnologia,detcursopi.asp?codc=8524&code=0160,http://maps.google.pt/maps?z=20&t=k&q=loc:37.74605+-25.66378
Proteção Civil e Gestão do Território,Universidade do Minho,detcursopi.asp?codc=L112&code=1000,http://maps.google.pt/maps?z=20&t=k&q=loc:41.33284+-8.253481
Prótese Dentária,Universidade de Lisboa - Faculdade de Medicina Dentária,detcursopi.asp?codc=9791&code=1508,http://maps.google.pt/maps?z=20&t=k&q=loc:38.74921+-9.15499
Prótese Dentária,Escola Superior de Saúde Egas Moniz,detcursopi.asp?codc=9791&code=4106,http://maps.google.pt/maps?z=20&t=k&q=loc:38.6669+-9.200091
Prótese Dentária,Instituto Politécnico de Saúde do Norte - CESPU - Escola Superior de Tecnologias da Saúde do Tâmega e Sousa,detcursopi.asp?codc=9791&code=4109,http://maps.google.pt/maps?z=20&t=k&q=loc:41.18351+-8.445928
Psicologia,ISCTE - Instituto Universitário de Lisboa,detcursopi.asp?codc=9219&code=6800,http://maps.google.pt/maps?z=20&t=k&q=loc:38.74875+-9.153692
Psicologia,Universidade dos Açores - Faculdade de Ciências Sociais e Humanas,detcursopi.asp?codc=9219&code=0150,http://maps.google.pt/maps?z=20&t=k&q=loc:37.74605+-25.66378
Psicologia,Universidade do Algarve - Faculdade de Ciências Humanas e Sociais,detcursopi.asp?codc=9219&code=0201,http://maps.google.pt/maps?z=20&t=k&q=loc:37.04408+-7.972222
Psicologia,Universidade de Aveiro,detcursopi.asp?codc=9219&code=0300,http://maps.google.pt/maps?z=20&t=k&q=loc:40.63118+-8.657394
Psicologia,Universidade da Beira Interior,detcursopi.asp?codc=9219&code=0400,http://maps.google.pt/maps?z=20&t=k&q=loc:40.27736+-7.508574
Psicologia,Universidade de Coimbra - Faculdade de Psicologia e de Ciências da Educação,detcursopi.asp?codc=9219&code=0507,http://maps.google.pt/maps?z=20&t=k&q=loc:40.21036+-8.427611
Psicologia,Universidade de Évora - Escola de Ciências Sociais,detcursopi.asp?codc=9219&code=0604,http://maps.google.pt/maps?z=20&t=k&q=loc:38.57381+-7.906329
Psicologia,Universidade de Lisboa - Faculdade de Psicologia,detcursopi.asp?codc=9219&code=1511,http://maps.google.pt/maps?z=20&t=k&q=loc:38.75282+-9.155494
Psicologia,Universidade da Madeira - Faculdade de Artes e Humanidades,detcursopi.asp?codc=9219&code=1306,http://maps.google.pt/maps?z=20&t=k&q=loc:32.65928+-16.9251
Psicologia,Universidade do Minho,detcursopi.asp?codc=9219&code=1000,http://maps.google.pt/maps?z=20&t=k&q=loc:41.33284+-8.253481
Psicologia,Universidade do Porto - Faculdade de Psicologia e de Ciências da Educação,detcursopi.asp?codc=9219&code=1109,http://maps.google.pt/maps?z=20&t=k&q=loc:41.17554+-8.604519
Psicologia,Universidade de Trás-os-Montes e Alto Douro - Escola de Ciências Humanas e Sociais,detcursopi.asp?codc=9219&code=1202,http://maps.google.pt/maps?z=20&t=k&q=loc:41.28739+-7.738986
Psicologia,Instituto Superior de Estudos Interculturais e Transdisciplinares de Almada,detcursopi.asp?codc=9219&code=4306,http://maps.google.pt/maps?z=20&t=k&q=loc:38.6664+-9.1769
Psicologia,Instituto Superior de Estudos Interculturais e Transdisciplinares de Viseu,detcursopi.asp?codc=9219&code=4308,http://maps.google.pt/maps?z=20&t=k&q=loc:40.44123+-7.56216
Psicologia,Instituto Superior Manuel Teixeira Gomes,detcursopi.asp?codc=9219&code=4375,http://maps.google.pt/maps?z=20&t=k&q=loc:37.14078+-8.535942
Psicologia,Instituto Superior Miguel Torga,detcursopi.asp?codc=9219&code=4500,http://maps.google.pt/maps?z=20&t=k&q=loc:40.21349+-8.41318
Psicologia,Instituto Universitário de Ciências da Saúde - CESPU,detcursopi.asp?codc=9219&code=4650,http://maps.google.pt/maps?z=20&t=k&q=loc:41.18351+-8.445928
Psicologia,Instituto Universitário Egas Moniz,detcursopi.asp?codc=9219&code=4260,http://maps.google.pt/maps?z=20&t=k&q=loc:38.6669+-9.200091
Psicologia,"ISPA - Instituto Universitário de Ciências Psicológicas, Sociais e da Vida",detcursopi.asp?codc=9219&code=4450,http://maps.google.pt/maps?z=20&t=k&q=loc:38.71216+-9.125942
Psicologia,Universidade Autónoma de Lisboa Luís de Camões,detcursopi.asp?codc=9219&code=2100,http://maps.google.pt/maps?z=20&t=k&q=loc:38.72433+-9.14589
Psicologia,Universidade Católica Portuguesa - Faculdade de Ciências Humanas,detcursopi.asp?codc=9219&code=2220,
Psicologia,Universidade Católica Portuguesa - Faculdade de Educação e Psicologia,detcursopi.asp?codc=9219&code=2289,http://maps.google.pt/maps?z=20&t=k&q=loc:41.15398+-8.673013
Psicologia,Universidade Católica Portuguesa - Faculdade de Filosofia e Ciências Sociais,detcursopi.asp?codc=9219&code=2223,
Psicologia,Universidade Europeia,detcursopi.asp?codc=9219&code=4350,http://maps.google.pt/maps?z=20&t=k&q=loc:38.77668+-9.193758
Psicologia,Universidade Fernando Pessoa,detcursopi.asp?codc=9219&code=2750,http://maps.google.pt/maps?z=20&t=k&q=loc:41.17292+-8.611185
Psicologia,Universidade Lusíada - Centro Universitário Lusíada - Lisboa,detcursopi.asp?codc=9219&code=2410,http://maps.google.pt/maps?z=20&t=k&q=loc:38.69799+-9.192036
Psicologia,Universidade Lusíada - Centro Universitário Lusíada - Norte - Porto,detcursopi.asp?codc=9219&code=2440,http://maps.google.pt/maps?z=20&t=k&q=loc:41.1687+-8.661802
Psicologia,Universidade da Maia,detcursopi.asp?codc=9219&code=4630,http://maps.google.pt/maps?z=20&t=k&q=loc:41.26779+-8.617047
Psicologia,Universidade Portucalense Infante D. Henrique,detcursopi.asp?codc=9219&code=2500,http://maps.google.pt/maps?z=20&t=k&q=loc:41.18032+-8.605047
Publicidade e Marketing,Instituto Politécnico de Lisboa - Escola Superior de Comunicação Social,detcursopi.asp?codc=9222&code=3113,http://maps.google.pt/maps?z=20&t=k&q=loc:38.74665+-9.19476
Publicidade e Marketing (regime pós-laboral),Instituto Politécnico de Lisboa - Escola Superior de Comunicação Social,detcursopi.asp?codc=8439&code=3113,http://maps.google.pt/maps?z=20&t=k&q=loc:38.74665+-9.19476
Publicidade e Relações Públicas,Instituto Politécnico de Viseu - Escola Superior de Educação de Viseu,detcursopi.asp?codc=9930&code=3181,http://maps.google.pt/maps?z=20&t=k&q=loc:40.66005+-7.913927
Qualidade Alimentar e Nutrição Humana,Instituto Politécnico de Santarém - Escola Superior Agrária de Santarém,detcursopi.asp?codc=L080&code=3141,http://maps.google.pt/maps?z=20&t=k&q=loc:39.24965+-8.697347
Química,Universidade de Aveiro,detcursopi.asp?codc=9223&code=0300,http://maps.google.pt/maps?z=20&t=k&q=loc:40.63118+-8.657394
Química,Universidade de Coimbra - Faculdade de Ciências e Tecnologia,detcursopi.asp?codc=9223&code=0501,http://maps.google.pt/maps?z=20&t=k&q=loc:40.18623+-8.412266
Química,Universidade de Lisboa - Faculdade de Ciências,detcursopi.asp?codc=9223&code=1503,http://maps.google.pt/maps?z=20&t=k&q=loc:38.75676+-9.155387
Química,Universidade do Minho,detcursopi.asp?codc=9223&code=1000,http://maps.google.pt/maps?z=20&t=k&q=loc:41.33284+-8.253481
Química,Universidade do Porto - Faculdade de Ciências,detcursopi.asp?codc=9223&code=1103,http://maps.google.pt/maps?z=20&t=k&q=loc:41.15242+-8.637816
Química Aplicada,Universidade Nova de Lisboa - Faculdade de Ciências e Tecnologia,detcursopi.asp?codc=9224&code=0903,http://maps.google.pt/maps?z=20&t=k&q=loc:38.66165+-9.206682
Química Industrial,Universidade da Beira Interior,detcursopi.asp?codc=9225&code=0400,http://maps.google.pt/maps?z=20&t=k&q=loc:40.27736+-7.508574
Química Medicinal,Universidade de Coimbra - Faculdade de Ciências e Tecnologia,detcursopi.asp?codc=8408&code=0501,http://maps.google.pt/maps?z=20&t=k&q=loc:40.18623+-8.412266
Química Tecnológica,Universidade de Lisboa - Faculdade de Ciências,detcursopi.asp?codc=9226&code=1503,http://maps.google.pt/maps?z=20&t=k&q=loc:38.75676+-9.155387
Reabilitação Psicomotora,Universidade de Évora - Escola de Saúde e Desenvolvimento Humano,detcursopi.asp?codc=9841&code=0605,http://maps.google.pt/maps?z=20&t=k&q=loc:38.56832+-7.910306
Reabilitação Psicomotora,Universidade de Lisboa - Faculdade de Motricidade Humana,detcursopi.asp?codc=9841&code=1510,http://maps.google.pt/maps?z=20&t=k&q=loc:38.70524+-9.25235
Recursos Humanos,Instituto Politécnico do Porto - Instituto Superior de Contabilidade e Administração do Porto,detcursopi.asp?codc=9227&code=3134,http://maps.google.pt/maps?z=20&t=k&q=loc:41.18986+-8.598206
Relações Empresariais,Instituto Superior de Administração e Gestão,detcursopi.asp?codc=8387&code=4200,http://maps.google.pt/maps?z=20&t=k&q=loc:41.15463+-8.644514
Relações Humanas e Comunicação Organizacional,Instituto Politécnico de Leiria - Escola Superior de Educação e Ciências Sociais,detcursopi.asp?codc=9797&code=3101,http://maps.google.pt/maps?z=20&t=k&q=loc:39.73972+-8.811389
Relações Humanas e Comunicação Organizacional (regime pós-laboral),Instituto Politécnico de Leiria - Escola Superior de Educação e Ciências Sociais,detcursopi.asp?codc=L306&code=3101,http://maps.google.pt/maps?z=20&t=k&q=loc:39.73972+-8.811389
Relações Internacionais,Universidade de Coimbra - Faculdade de Economia,detcursopi.asp?codc=9229&code=0503,http://maps.google.pt/maps?z=20&t=k&q=loc:40.2147+-8.408988
Relações Internacionais,Universidade de Évora - Escola de Ciências Sociais,detcursopi.asp?codc=9229&code=0604,http://maps.google.pt/maps?z=20&t=k&q=loc:38.57381+-7.906329
Relações Internacionais,Universidade de Lisboa - Instituto Superior de Ciências Sociais e Políticas,detcursopi.asp?codc=9229&code=1516,http://maps.google.pt/maps?z=20&t=k&q=loc:38.71306+-9.198223
Relações Internacionais,Universidade do Minho,detcursopi.asp?codc=9229&code=1000,http://maps.google.pt/maps?z=20&t=k&q=loc:41.33284+-8.253481
Relações Internacionais,Instituto Superior de Estudos Interculturais e Transdisciplinares de Viseu,detcursopi.asp?codc=9229&code=4308,http://maps.google.pt/maps?z=20&t=k&q=loc:40.44123+-7.56216
Relações Internacionais,Universidade Autónoma de Lisboa Luís de Camões,detcursopi.asp?codc=9229&code=2100,http://maps.google.pt/maps?z=20&t=k&q=loc:38.72433+-9.14589
Relações Internacionais,Universidade Lusíada - Centro Universitário Lusíada - Lisboa,detcursopi.asp?codc=9229&code=2410,http://maps.google.pt/maps?z=20&t=k&q=loc:38.69799+-9.192036
Relações Internacionais,Universidade Lusíada - Centro Universitário Lusíada - Norte - Porto,detcursopi.asp?codc=9229&code=2440,http://maps.google.pt/maps?z=20&t=k&q=loc:41.1687+-8.661802
Relações Internacionais,Universidade Portucalense Infante D. Henrique,detcursopi.asp?codc=9229&code=2500,http://maps.google.pt/maps?z=20&t=k&q=loc:41.18032+-8.605047
Relações Internacionais (regime pós-laboral),Universidade de Lisboa - Instituto Superior de Ciências Sociais e Políticas,detcursopi.asp?codc=8364&code=1516,http://maps.google.pt/maps?z=20&t=k&q=loc:38.71306+-9.198223
Relações Lusófonas e Língua Portuguesa,Instituto Politécnico de Bragança - Escola Superior de Educação de Bragança,detcursopi.asp?codc=L088&code=3042,http://maps.google.pt/maps?z=20&t=k&q=loc:41.7977+-6.7672
Relações Públicas e Comunicação Empresarial,Instituto Politécnico de Lisboa - Escola Superior de Comunicação Social,detcursopi.asp?codc=9231&code=3113,http://maps.google.pt/maps?z=20&t=k&q=loc:38.74665+-9.19476
Relações Públicas e Comunicação Empresarial (regime pós-laboral),Instituto Politécnico de Lisboa - Escola Superior de Comunicação Social,detcursopi.asp?codc=8438&code=3113,http://maps.google.pt/maps?z=20&t=k&q=loc:38.74665+-9.19476
Relações Públicas e Gestão da Comunicação,Universidade da Maia,detcursopi.asp?codc=L262&code=4630,http://maps.google.pt/maps?z=20&t=k&q=loc:41.26779+-8.617047
Restauração e Catering,Instituto Politécnico da Guarda - Escola Superior de Turismo e Hotelaria,detcursopi.asp?codc=9484&code=3095,http://maps.google.pt/maps?z=20&t=k&q=loc:40.42886+-7.703182
Restauração e Tecnologia Alimentar,Instituto Politécnico de Bragança - Escola Superior de Hotelaria e Bem-Estar,detcursopi.asp?codc=L361&code=3046,http://maps.google.pt/maps?z=20&t=k&q=loc:41.74203+-7.470944
Saúde Ambiental,Instituto Politécnico de Coimbra - Escola Superior de Tecnologia da Saúde de Coimbra,detcursopi.asp?codc=9861&code=7210,http://maps.google.pt/maps?z=20&t=k&q=loc:40.19915+-8.461344
Saúde Ambiental,Instituto Politécnico de Lisboa - Escola Superior de Tecnologia da Saúde de Lisboa,detcursopi.asp?codc=9861&code=7220,http://maps.google.pt/maps?z=20&t=k&q=loc:38.77607+-9.097442
Saúde Ambiental,Instituto Politécnico do Porto - Escola Superior de Saúde,detcursopi.asp?codc=9861&code=7230,http://maps.google.pt/maps?z=20&t=k&q=loc:41.17779+-8.60693
Saúde e Bem-Estar Marinho,Escola Universitária Vasco da Gama,detcursopi.asp?codc=L327&code=4126,http://maps.google.pt/maps?z=20&t=k&q=loc:40.23515+-8.415624
Saúde Digital,Instituto Politécnico do Porto - Escola Superior de Saúde,detcursopi.asp?codc=L304&code=7230,http://maps.google.pt/maps?z=20&t=k&q=loc:41.17779+-8.60693
Saúde Digital e Inovação Biomédica,Universidade do Porto - Faculdade de Medicina,detcursopi.asp?codc=L307&code=1108,http://maps.google.pt/maps?z=20&t=k&q=loc:41.18273+-8.600299
Saúde Pública,Instituto Universitário de Ciências da Saúde - CESPU,detcursopi.asp?codc=L326&code=4650,http://maps.google.pt/maps?z=20&t=k&q=loc:41.18351+-8.445928
Secretariado,Instituto Politécnico de Castelo Branco - Escola Superior de Educação de Castelo Branco,detcursopi.asp?codc=9485&code=3052,http://maps.google.pt/maps?z=20&t=k&q=loc:39.8191+-7.495828
Secretariado de Administração,Instituto Politécnico de Viseu - Escola Superior de Tecnologia e Gestão de Lamego,detcursopi.asp?codc=L116&code=3186,http://maps.google.pt/maps?z=20&t=k&q=loc:41.09662+-7.808191
Secretariado e Comunicação Empresarial,Universidade de Aveiro - Escola Superior de Tecnologia e Gestão de Águeda,detcursopi.asp?codc=9235&code=3012,http://maps.google.pt/maps?z=20&t=k&q=loc:40.57429+-8.444219
Segurança Informática em Redes de Computadores,Instituto Politécnico do Porto - Escola Superior de Tecnologia e Gestão,detcursopi.asp?codc=8398&code=3138,http://maps.google.pt/maps?z=20&t=k&q=loc:41.36677+-8.194765
Segurança e Justiça,Universidade Lusíada - Centro Universitário Lusíada - Lisboa,detcursopi.asp?codc=L349&code=2410,http://maps.google.pt/maps?z=20&t=k&q=loc:38.69799+-9.192036
Segurança e Saúde no Trabalho,Instituto Superior de Ciências da Informação e da Administração,detcursopi.asp?codc=L264&code=4277,http://maps.google.pt/maps?z=20&t=k&q=loc:40.63694+-8.6325
Segurança do Trabalho e Ambiente,Instituto Politécnico do Porto - Escola Superior de Tecnologia e Gestão,detcursopi.asp?codc=L091&code=3138,http://maps.google.pt/maps?z=20&t=k&q=loc:41.36677+-8.194765
Serviço Social,ISCTE - Instituto Universitário de Lisboa,detcursopi.asp?codc=9238&code=6800,http://maps.google.pt/maps?z=20&t=k&q=loc:38.74875+-9.153692
Serviço Social,Universidade dos Açores - Faculdade de Ciências Sociais e Humanas,detcursopi.asp?codc=9238&code=0150,http://maps.google.pt/maps?z=20&t=k&q=loc:37.74605+-25.66378
Serviço Social,Universidade de Coimbra - Faculdade de Psicologia e de Ciências da Educação,detcursopi.asp?codc=9238&code=0507,http://maps.google.pt/maps?z=20&t=k&q=loc:40.21036+-8.427611
Serviço Social,Universidade de Lisboa - Instituto Superior de Ciências Sociais e Políticas,detcursopi.asp?codc=9238&code=1516,http://maps.google.pt/maps?z=20&t=k&q=loc:38.71306+-9.198223
Serviço Social,Universidade de Trás-os-Montes e Alto Douro - Escola de Ciências Humanas e Sociais,detcursopi.asp?codc=9238&code=1202,http://maps.google.pt/maps?z=20&t=k&q=loc:41.28739+-7.738986
Serviço Social,Instituto Politécnico de Beja - Escola Superior de Educação,detcursopi.asp?codc=9238&code=3022,http://maps.google.pt/maps?z=20&t=k&q=loc:38.01385+-7.874671
Serviço Social,Instituto Politécnico de Castelo Branco - Escola Superior de Educação de Castelo Branco,detcursopi.asp?codc=9238&code=3052,http://maps.google.pt/maps?z=20&t=k&q=loc:39.8191+-7.495828
Serviço Social,Instituto Politécnico de Leiria - Escola Superior de Educação e Ciências Sociais,detcursopi.asp?codc=9238&code=3101,http://maps.google.pt/maps?z=20&t=k&q=loc:39.73972+-8.811389
Serviço Social,Instituto Politécnico de Portalegre - Escola Superior de Educação e Ciências Sociais,detcursopi.asp?codc=9238&code=3121,http://maps.google.pt/maps?z=20&t=k&q=loc:39.28958+-7.429967
Serviço Social,Instituto Politécnico de Viseu - Escola Superior de Tecnologia e Gestão de Lamego,detcursopi.asp?codc=9238&code=3186,http://maps.google.pt/maps?z=20&t=k&q=loc:41.09662+-7.808191
Serviço Social,Instituto Superior Miguel Torga,detcursopi.asp?codc=9238&code=4500,http://maps.google.pt/maps?z=20&t=k&q=loc:40.21349+-8.41318
Serviço Social,Instituto Superior de Serviço Social do Porto,detcursopi.asp?codc=9238&code=4520,http://maps.google.pt/maps?z=20&t=k&q=loc:41.18272+-8.652955
Serviço Social,Universidade Católica Portuguesa - Faculdade de Ciências Humanas,detcursopi.asp?codc=9238&code=2220,
Serviço Social,Universidade Católica Portuguesa - Faculdade de Filosofia e Ciências Sociais,detcursopi.asp?codc=9238&code=2223,
Serviço Social,Universidade Lusíada - Centro Universitário Lusíada - Lisboa,detcursopi.asp?codc=9238&code=2410,http://maps.google.pt/maps?z=20&t=k&q=loc:38.69799+-9.192036
Serviço Social (regime pós-laboral),ISCTE - Instituto Universitário de Lisboa,detcursopi.asp?codc=8014&code=6800,http://maps.google.pt/maps?z=20&t=k&q=loc:38.74875+-9.153692
Serviço Social (regime pós-laboral),Universidade de Lisboa - Instituto Superior de Ciências Sociais e Políticas,detcursopi.asp?codc=8014&code=1516,http://maps.google.pt/maps?z=20&t=k&q=loc:38.71306+-9.198223
Serviço Social (regime pós-laboral),Instituto Politécnico de Leiria - Escola Superior de Educação e Ciências Sociais,detcursopi.asp?codc=8014&code=3101,http://maps.google.pt/maps?z=20&t=k&q=loc:39.73972+-8.811389
Serviço Social (regime pós-laboral),Instituto Politécnico de Portalegre - Escola Superior de Educação e Ciências Sociais,detcursopi.asp?codc=8014&code=3121,http://maps.google.pt/maps?z=20&t=k&q=loc:39.28958+-7.429967
Sistemas de Informação para Gestão,Instituto Politécnico do Porto - Escola Superior de Tecnologia e Gestão,detcursopi.asp?codc=8288&code=3138,http://maps.google.pt/maps?z=20&t=k&q=loc:41.36677+-8.194765
Sistemas de Informação para Gestão,Universidade Portucalense Infante D. Henrique,detcursopi.asp?codc=8288&code=2500,http://maps.google.pt/maps?z=20&t=k&q=loc:41.18032+-8.605047
Sistemas e Tecnologias de Informação,Universidade Nova de Lisboa - Instituto Superior de Estatística e Gestão de Informação,detcursopi.asp?codc=8259&code=0906,http://maps.google.pt/maps?z=20&t=k&q=loc:38.73236+-9.160044
Sociologia,ISCTE - Instituto Universitário de Lisboa,detcursopi.asp?codc=9240&code=6800,http://maps.google.pt/maps?z=20&t=k&q=loc:38.74875+-9.153692
Sociologia,Universidade dos Açores - Faculdade de Ciências Sociais e Humanas,detcursopi.asp?codc=9240&code=0150,http://maps.google.pt/maps?z=20&t=k&q=loc:37.74605+-25.66378
Sociologia,Universidade do Algarve - Faculdade de Economia,detcursopi.asp?codc=9240&code=0204,http://maps.google.pt/maps?z=20&t=k&q=loc:37.04408+-7.972222
Sociologia,Universidade da Beira Interior,detcursopi.asp?codc=9240&code=0400,http://maps.google.pt/maps?z=20&t=k&q=loc:40.27736+-7.508574
Sociologia,Universidade de Coimbra - Faculdade de Economia,detcursopi.asp?codc=9240&code=0503,http://maps.google.pt/maps?z=20&t=k&q=loc:40.2147+-8.408988
Sociologia,Universidade de Évora - Escola de Ciências Sociais,detcursopi.asp?codc=9240&code=0604,http://maps.google.pt/maps?z=20&t=k&q=loc:38.57381+-7.906329
Sociologia,Universidade de Lisboa - Instituto Superior de Ciências Sociais e Políticas,detcursopi.asp?codc=9240&code=1516,http://maps.google.pt/maps?z=20&t=k&q=loc:38.71306+-9.198223
Sociologia,Universidade do Minho,detcursopi.asp?codc=9240&code=1000,http://maps.google.pt/maps?z=20&t=k&q=loc:41.33284+-8.253481
Sociologia,Universidade Nova de Lisboa - Faculdade de Ciências Sociais e Humanas,detcursopi.asp?codc=9240&code=0902,http://maps.google.pt/maps?z=20&t=k&q=loc:38.74025+-9.151129
Sociologia,Universidade do Porto - Faculdade de Letras,detcursopi.asp?codc=9240&code=1107,http://maps.google.pt/maps?z=20&t=k&q=loc:41.15155+-8.63262
Sociologia (regime pós-laboral),ISCTE - Instituto Universitário de Lisboa,detcursopi.asp?codc=8109&code=6800,http://maps.google.pt/maps?z=20&t=k&q=loc:38.74875+-9.153692
Sociologia (regime pós-laboral),Universidade de Lisboa - Instituto Superior de Ciências Sociais e Políticas,detcursopi.asp?codc=8109&code=1516,http://maps.google.pt/maps?z=20&t=k&q=loc:38.71306+-9.198223
Sociologia (regime pós-laboral),Universidade Nova de Lisboa - Faculdade de Ciências Sociais e Humanas,detcursopi.asp?codc=8109&code=0902,http://maps.google.pt/maps?z=20&t=k&q=loc:38.74025+-9.151129
Solicitadoria,Instituto Politécnico de Beja - Escola Superior de Tecnologia e de Gestão,detcursopi.asp?codc=9242&code=3023,http://maps.google.pt/maps?z=20&t=k&q=loc:38.01572+-7.875266
Solicitadoria,"Instituto Politécnico de Bragança - Escola Superior de Comunicação, Administração e Turismo de Mirandela",detcursopi.asp?codc=9242&code=3045,http://maps.google.pt/maps?z=20&t=k&q=loc:41.47761+-7.178407
Solicitadoria,Instituto Politécnico de Castelo Branco - Escola Superior de Gestão de Idanha-a-Nova,detcursopi.asp?codc=9242&code=3054,http://maps.google.pt/maps?z=20&t=k&q=loc:39.9225+-7.242491
Solicitadoria,Instituto Politécnico do Cávado e do Ave - Escola Superior de Gestão,detcursopi.asp?codc=9242&code=3031,http://maps.google.pt/maps?z=20&t=k&q=loc:41.53448+-8.628122
Solicitadoria,Instituto Politécnico de Leiria - Escola Superior de Tecnologia e Gestão,detcursopi.asp?codc=9242&code=3102,http://maps.google.pt/maps?z=20&t=k&q=loc:39.73444+-8.821389
Solicitadoria,Instituto Politécnico de Lisboa - Instituto Superior de Contabilidade e Administração de Lisboa,detcursopi.asp?codc=9242&code=3117,http://maps.google.pt/maps?z=20&t=k&q=loc:38.73717+-9.146786
Solicitadoria,Instituto Politécnico do Porto - Escola Superior de Tecnologia e Gestão,detcursopi.asp?codc=9242&code=3138,http://maps.google.pt/maps?z=20&t=k&q=loc:41.36677+-8.194765
Solicitadoria,Universidade Portucalense Infante D. Henrique,detcursopi.asp?codc=9242&code=2500,http://maps.google.pt/maps?z=20&t=k&q=loc:41.18032+-8.605047
Solicitadoria,"Instituto Politécnico da Maia - Escola Superior de Ciências Sociais, Educação e Desporto",detcursopi.asp?codc=9242&code=4581,http://maps.google.pt/maps?z=20&t=k&q=loc:41.26783+-8.6172
Solicitadoria,Instituto Superior de Ciências Empresariais e do Turismo,detcursopi.asp?codc=9242&code=4280,http://maps.google.pt/maps?z=20&t=k&q=loc:41.152+-8.617905
Solicitadoria,Instituto Superior de Entre Douro e Vouga,detcursopi.asp?codc=9242&code=4283,http://maps.google.pt/maps?z=20&t=k&q=loc:40.92438+-8.544944
Solicitadoria e Administração,Instituto Politécnico de Coimbra - Instituto Superior de Contabilidade e Administração de Coimbra,detcursopi.asp?codc=9801&code=3063,http://maps.google.pt/maps?z=20&t=k&q=loc:42.12346+-8.27082
Solicitadoria (regime pós-laboral),Instituto Politécnico do Cávado e do Ave - Escola Superior de Gestão,detcursopi.asp?codc=8015&code=3031,http://maps.google.pt/maps?z=20&t=k&q=loc:41.53448+-8.628122
Solicitadoria (regime pós-laboral),Instituto Politécnico de Leiria - Escola Superior de Tecnologia e Gestão,detcursopi.asp?codc=8015&code=3102,http://maps.google.pt/maps?z=20&t=k&q=loc:39.73444+-8.821389
Solicitadoria (regime pós-laboral),Instituto Politécnico de Lisboa - Instituto Superior de Contabilidade e Administração de Lisboa,detcursopi.asp?codc=8015&code=3117,http://maps.google.pt/maps?z=20&t=k&q=loc:38.73717+-9.146786
Solicitadoria (regime pós-laboral),Instituto Politécnico do Porto - Escola Superior de Tecnologia e Gestão,detcursopi.asp?codc=8015&code=3138,http://maps.google.pt/maps?z=20&t=k&q=loc:41.36677+-8.194765
Som e Imagem,Instituto Politécnico de Leiria - Escola Superior de Artes e Design,detcursopi.asp?codc=9457&code=3103,http://maps.google.pt/maps?z=20&t=k&q=loc:39.39528+-9.135278
Som e Imagem,Universidade Católica Portuguesa - Escola das Artes,detcursopi.asp?codc=9457&code=2265,
Teatro,Universidade de Évora - Escola de Artes,detcursopi.asp?codc=9243&code=0603,http://maps.google.pt/maps?z=20&t=k&q=loc:38.56902+-7.911873
Teatro,Universidade do Minho,detcursopi.asp?codc=9243&code=1000,http://maps.google.pt/maps?z=20&t=k&q=loc:41.33284+-8.253481
Teatro,Instituto Politécnico de Leiria - Escola Superior de Artes e Design,detcursopi.asp?codc=9243&code=3103,http://maps.google.pt/maps?z=20&t=k&q=loc:39.39528+-9.135278
Teatro,Instituto Politécnico de Lisboa - Escola Superior de Teatro e Cinema,detcursopi.asp?codc=9243&code=3116,http://maps.google.pt/maps?z=20&t=k&q=loc:37.76357+-9.235246
Teatro,Escola Superior Artística do Porto,detcursopi.asp?codc=9243&code=4010,
Teatro e Artes Performativas,Universidade de Trás-os-Montes e Alto Douro - Escola de Ciências Humanas e Sociais,detcursopi.asp?codc=9803&code=1202,http://maps.google.pt/maps?z=20&t=k&q=loc:41.28739+-7.738986
Teatro e Educação,Instituto Politécnico de Coimbra - Escola Superior de Educação de Coimbra,detcursopi.asp?codc=9899&code=3062,http://maps.google.pt/maps?z=20&t=k&q=loc:40.20522+-8.405957
"Teatro, variante de Cenografia",Instituto Politécnico do Porto - Escola Superior de Música e Artes do Espectáculo,detcursopi.asp?codc=8026&code=3132,http://maps.google.pt/maps?z=20&t=k&q=loc:41.15432+-8.603181
"Teatro, variante Direção de Cena e Produção",Instituto Politécnico do Porto - Escola Superior de Música e Artes do Espectáculo,detcursopi.asp?codc=L241&code=3132,http://maps.google.pt/maps?z=20&t=k&q=loc:41.15432+-8.603181
"Teatro, variante de Figurino",Instituto Politécnico do Porto - Escola Superior de Música e Artes do Espectáculo,detcursopi.asp?codc=8027&code=3132,http://maps.google.pt/maps?z=20&t=k&q=loc:41.15432+-8.603181
"Teatro, variante Luz",Instituto Politécnico do Porto - Escola Superior de Música e Artes do Espectáculo,detcursopi.asp?codc=A015&code=3132,http://maps.google.pt/maps?z=20&t=k&q=loc:41.15432+-8.603181
"Teatro, variante Som",Instituto Politécnico do Porto - Escola Superior de Música e Artes do Espectáculo,detcursopi.asp?codc=A016&code=3132,http://maps.google.pt/maps?z=20&t=k&q=loc:41.15432+-8.603181
"Teatro, variante de Interpretação",Instituto Politécnico do Porto - Escola Superior de Música e Artes do Espectáculo,detcursopi.asp?codc=9842&code=3132,http://maps.google.pt/maps?z=20&t=k&q=loc:41.15432+-8.603181
Tecnologia Agro-Industrial,Universidade Nova de Lisboa - Faculdade de Ciências e Tecnologia,detcursopi.asp?codc=L286&code=0903,http://maps.google.pt/maps?z=20&t=k&q=loc:38.66165+-9.206682
Tecnologia Alimentar,Instituto Politécnico de Coimbra - Escola Superior Agrária de Coimbra,detcursopi.asp?codc=L015&code=3061,http://maps.google.pt/maps?z=20&t=k&q=loc:40.21421+-8.450982
Tecnologia Alimentar e Nutrição,Instituto Politécnico de Viana do Castelo - Escola Superior de Tecnologia e Gestão,detcursopi.asp?codc=L362&code=3163,http://maps.google.pt/maps?z=20&t=k&q=loc:41.69424+-8.846658
Tecnologia Biomédica,Instituto Politécnico de Bragança - Escola Superior de Tecnologia e de Gestão de Bragança,detcursopi.asp?codc=L069&code=3043,http://maps.google.pt/maps?z=20&t=k&q=loc:41.79637+-6.7689
Tecnologia Biomédica,Instituto Politécnico de Setúbal - Escola Superior de Tecnologia de Setúbal,detcursopi.asp?codc=L069&code=3152,http://maps.google.pt/maps?z=20&t=k&q=loc:38.52167+-8.839167
Tecnologia e Design de Mobiliário,Instituto Politécnico de Viseu - Escola Superior de Tecnologia e Gestão de Viseu,detcursopi.asp?codc=8517&code=3182,http://maps.google.pt/maps?z=20&t=k&q=loc:40.64449+-7.921137
Tecnologia e Gestão do Ambiente,Instituto Politécnico de Coimbra - Escola Superior Agrária de Coimbra,detcursopi.asp?codc=L348&code=3061,http://maps.google.pt/maps?z=20&t=k&q=loc:40.21421+-8.450982
Tecnologia e Gestão Industrial (regime noturno),Instituto Politécnico de Setúbal - Escola Superior de Tecnologia de Setúbal,detcursopi.asp?codc=9862&code=3152,http://maps.google.pt/maps?z=20&t=k&q=loc:38.52167+-8.839167
Tecnologia e Produto de Moda Sustentável,Universidade da Beira Interior,detcursopi.asp?codc=L258&code=0400,http://maps.google.pt/maps?z=20&t=k&q=loc:40.27736+-7.508574
Tecnologia Química,Instituto Politécnico de Tomar - Escola Superior de Tecnologia de Tomar,detcursopi.asp?codc=L142&code=3242,http://maps.google.pt/maps?z=20&t=k&q=loc:39.59896+-8.389722
Tecnologias do Ambiente e do Mar,Instituto Politécnico de Setúbal - Escola Superior de Tecnologia de Setúbal,detcursopi.asp?codc=L124&code=3152,http://maps.google.pt/maps?z=20&t=k&q=loc:38.52167+-8.839167
Tecnologias de Comunicação Multimédia,Universidade da Maia,detcursopi.asp?codc=9249&code=4630,http://maps.google.pt/maps?z=20&t=k&q=loc:41.26779+-8.617047
Tecnologias Criativas,Instituto Superior Manuel Teixeira Gomes,detcursopi.asp?codc=L183&code=4375,http://maps.google.pt/maps?z=20&t=k&q=loc:37.14078+-8.535942
Tecnologias Criativas,Universidade Europeia,detcursopi.asp?codc=L183&code=4350,http://maps.google.pt/maps?z=20&t=k&q=loc:38.77668+-9.193758
Tecnologias e Design de Multimédia,Instituto Politécnico de Viseu - Escola Superior de Tecnologia e Gestão de Viseu,detcursopi.asp?codc=9491&code=3182,http://maps.google.pt/maps?z=20&t=k&q=loc:40.64449+-7.921137
Tecnologias Digitais e Automação,ISCTE - Instituto Universitário de Lisboa (Sintra),detcursopi.asp?codc=L273&code=6810,http://maps.google.pt/maps?z=20&t=k&q=loc:38.80215+-9.382696
"Tecnologias Digitais, Edifícios e Construção Sustentável",ISCTE - Instituto Universitário de Lisboa (Sintra),detcursopi.asp?codc=L311&code=6810,http://maps.google.pt/maps?z=20&t=k&q=loc:38.80215+-9.382696
Tecnologias Digitais Educativas,ISCTE - Instituto Universitário de Lisboa (Sintra),detcursopi.asp?codc=L281&code=6810,http://maps.google.pt/maps?z=20&t=k&q=loc:38.80215+-9.382696
Tecnologias Digitais e Gestão,ISCTE - Instituto Universitário de Lisboa (Sintra),detcursopi.asp?codc=L280&code=6810,http://maps.google.pt/maps?z=20&t=k&q=loc:38.80215+-9.382696
Tecnologias Digitais e Inteligência Artificial,ISCTE - Instituto Universitário de Lisboa (Sintra),detcursopi.asp?codc=L277&code=6810,http://maps.google.pt/maps?z=20&t=k&q=loc:38.80215+-9.382696
Tecnologias Digitais e Saúde,ISCTE - Instituto Universitário de Lisboa (Sintra),detcursopi.asp?codc=L282&code=6810,http://maps.google.pt/maps?z=20&t=k&q=loc:38.80215+-9.382696
Tecnologias Digitais e Segurança de Informação,ISCTE - Instituto Universitário de Lisboa (Sintra),detcursopi.asp?codc=L329&code=6810,http://maps.google.pt/maps?z=20&t=k&q=loc:38.80215+-9.382696
Tecnologias de Energia,Instituto Politécnico de Setúbal - Escola Superior de Tecnologia de Setúbal,detcursopi.asp?codc=8515&code=3152,http://maps.google.pt/maps?z=20&t=k&q=loc:38.52167+-8.839167
Tecnologias e Gestão Municipal,Instituto Politécnico de Lisboa - Instituto Superior de Engenharia de Lisboa,detcursopi.asp?codc=L085&code=3118,http://maps.google.pt/maps?z=20&t=k&q=loc:38.75568+-9.113923
Tecnologias e Gestão de Sistemas Informação,Escola Superior de Tecnologias de Fafe,detcursopi.asp?codc=L234&code=4115,http://maps.google.pt/maps?z=20&t=k&q=loc:41.46357+-8.153696
Tecnologias de Informação,Universidade de Lisboa - Faculdade de Ciências,detcursopi.asp?codc=L079&code=1503,http://maps.google.pt/maps?z=20&t=k&q=loc:38.75676+-9.155387
"Tecnologias de Informação, Web e Multimédia",Instituto Politécnico da Maia - Escola Superior de Tecnologia e Gestão,detcursopi.asp?codc=L137&code=4582,http://maps.google.pt/maps?z=20&t=k&q=loc:41.26783+-8.6172
Tecnologias Militares Navais,Instituto Universitário Militar - Escola Naval,detcursopi.asp?codc=8215&code=7710,http://maps.google.pt/maps?z=20&t=k&q=loc:38.66245+-9.147213
Tecnologias Multimédia,Instituto Superior de Ciências Educativas do Douro,detcursopi.asp?codc=L342&code=4271,http://maps.google.pt/maps?z=20&t=k&q=loc:41.12039+-8.172403
Tecnologias da Música (regime pós-laboral),Instituto Politécnico de Lisboa - Escola Superior de Música,detcursopi.asp?codc=8344&code=3114,http://maps.google.pt/maps?z=20&t=k&q=loc:38.74691+-9.196713
Tecnologias para a Educação STEAM,Instituto Politécnico do Porto - Escola Superior de Educação,detcursopi.asp?codc=L272&code=3131,http://maps.google.pt/maps?z=20&t=k&q=loc:41.1799+-8.598137
Tecnologias do Petróleo,Instituto Politécnico de Setúbal - Escola Superior de Tecnologia do Barreiro,detcursopi.asp?codc=L100&code=3154,http://maps.google.pt/maps?z=20&t=k&q=loc:38.65239+-9.04896
Tecnologias e Sistemas de Informação para a Web,Instituto Politécnico do Porto - Escola Superior de Media Artes e Design,detcursopi.asp?codc=L071&code=3331,http://maps.google.pt/maps?z=20&t=k&q=loc:41.36633+-8.739719
Teologia,Universidade Católica Portuguesa - Faculdade de Teologia,detcursopi.asp?codc=L235&code=2240,
Terapia da Fala,Instituto Politécnico de Leiria - Escola Superior de Saúde,detcursopi.asp?codc=9890&code=7045,http://maps.google.pt/maps?z=20&t=k&q=loc:39.73278+-8.820556
Terapia da Fala,Instituto Politécnico do Porto - Escola Superior de Saúde,detcursopi.asp?codc=9890&code=7230,http://maps.google.pt/maps?z=20&t=k&q=loc:41.17779+-8.60693
Terapia da Fala,Instituto Politécnico de Setúbal - Escola Superior de Saúde,detcursopi.asp?codc=9890&code=3155,http://maps.google.pt/maps?z=20&t=k&q=loc:38.52306+-8.841667
Terapia da Fala,Universidade do Algarve - Escola Superior de Saúde,detcursopi.asp?codc=9890&code=7035,http://maps.google.pt/maps?z=20&t=k&q=loc:37.04394+-7.972298
Terapia da Fala,Universidade de Aveiro - Escola Superior de Saúde de Aveiro,detcursopi.asp?codc=9890&code=3013,http://maps.google.pt/maps?z=20&t=k&q=loc:40.62451+-8.659866
Terapia da Fala,Escola Superior de Saúde do Alcoitão,detcursopi.asp?codc=9890&code=4105,http://maps.google.pt/maps?z=20&t=k&q=loc:38.73198+-9.40119
Terapia da Fala,Escola Superior de Saúde da Fundação «Fernando Pessoa»,detcursopi.asp?codc=9890&code=4620,http://maps.google.pt/maps?z=20&t=k&q=loc:41.17316+-8.608274
Terapia Ocupacional,Instituto Politécnico de Beja - Escola Superior de Saúde,detcursopi.asp?codc=8138&code=7005,http://maps.google.pt/maps?z=20&t=k&q=loc:38.01457+-7.875266
Terapia Ocupacional,Instituto Politécnico de Leiria - Escola Superior de Saúde,detcursopi.asp?codc=8138&code=7045,http://maps.google.pt/maps?z=20&t=k&q=loc:39.73278+-8.820556
Terapia Ocupacional,Instituto Politécnico do Porto - Escola Superior de Saúde,detcursopi.asp?codc=8138&code=7230,http://maps.google.pt/maps?z=20&t=k&q=loc:41.17779+-8.60693
Terapia Ocupacional,Escola Superior de Saúde do Alcoitão,detcursopi.asp?codc=8138&code=4105,http://maps.google.pt/maps?z=20&t=k&q=loc:38.73198+-9.40119
Terapia Ocupacional,Escola Superior de Saúde de Santa Maria,detcursopi.asp?codc=8138&code=4097,http://maps.google.pt/maps?z=20&t=k&q=loc:41.16033+-8.609315
Tradução,Universidade de Aveiro,detcursopi.asp?codc=9252&code=0300,http://maps.google.pt/maps?z=20&t=k&q=loc:40.63118+-8.657394
Tradução,Universidade de Lisboa - Faculdade de Letras,detcursopi.asp?codc=9252&code=1506,http://maps.google.pt/maps?z=20&t=k&q=loc:38.75359+-9.157651
Tradução,Universidade Nova de Lisboa - Faculdade de Ciências Sociais e Humanas,detcursopi.asp?codc=9252&code=0902,http://maps.google.pt/maps?z=20&t=k&q=loc:38.74025+-9.151129
Tradução e Interpretação em Língua Gestual Portuguesa,Instituto Politécnico do Porto - Escola Superior de Educação,detcursopi.asp?codc=9807&code=3131,http://maps.google.pt/maps?z=20&t=k&q=loc:41.1799+-8.598137
Tradução e Interpretação de Língua Gestual Portuguesa,Instituto Politécnico de Setúbal - Escola Superior de Educação,detcursopi.asp?codc=9633&code=3151,http://maps.google.pt/maps?z=20&t=k&q=loc:38.51978+-8.838278
Tradução e Interpretação: Português/Chinês - Chinês/Português,Instituto Politécnico de Leiria - Escola Superior de Educação e Ciências Sociais,detcursopi.asp?codc=9492&code=3101,http://maps.google.pt/maps?z=20&t=k&q=loc:39.73972+-8.811389
Treino Desportivo,Instituto Politécnico de Santarém - Escola Superior de Desporto de Rio Maior,detcursopi.asp?codc=9808&code=3145,http://maps.google.pt/maps?z=20&t=k&q=loc:39.345+-8.933
Treino Desportivo,"Instituto Politécnico da Maia - Escola Superior de Ciências Sociais, Educação e Desporto",detcursopi.asp?codc=9808&code=4581,http://maps.google.pt/maps?z=20&t=k&q=loc:41.26783+-8.6172
Turismo,Universidade dos Açores - Faculdade de Economia e Gestão,detcursopi.asp?codc=9254&code=0170,http://maps.google.pt/maps?z=20&t=k&q=loc:37.74605+-25.66378
Turismo,Universidade de Évora - Escola de Ciências Sociais,detcursopi.asp?codc=9254&code=0604,http://maps.google.pt/maps?z=20&t=k&q=loc:38.57381+-7.906329
Turismo,Universidade de Trás-os-Montes e Alto Douro - Escola de Ciências Humanas e Sociais,detcursopi.asp?codc=9254&code=1202,http://maps.google.pt/maps?z=20&t=k&q=loc:41.28739+-7.738986
Turismo,Instituto Politécnico de Beja - Escola Superior de Tecnologia e de Gestão,detcursopi.asp?codc=9254&code=3023,http://maps.google.pt/maps?z=20&t=k&q=loc:38.01572+-7.875266
Turismo,"Instituto Politécnico de Bragança - Escola Superior de Comunicação, Administração e Turismo de Mirandela",detcursopi.asp?codc=9254&code=3045,http://maps.google.pt/maps?z=20&t=k&q=loc:41.47761+-7.178407
Turismo,Instituto Politécnico de Castelo Branco - Escola Superior de Gestão de Idanha-a-Nova,detcursopi.asp?codc=9254&code=3054,http://maps.google.pt/maps?z=20&t=k&q=loc:39.9225+-7.242491
Turismo,Instituto Politécnico de Coimbra - Escola Superior de Educação de Coimbra,detcursopi.asp?codc=9254&code=3062,http://maps.google.pt/maps?z=20&t=k&q=loc:40.20522+-8.405957
Turismo,Instituto Politécnico de Leiria - Escola Superior de Turismo e Tecnologia do Mar,detcursopi.asp?codc=9254&code=3105,http://maps.google.pt/maps?z=20&t=k&q=loc:39.36472+-9.403056
Turismo,Instituto Politécnico de Portalegre - Escola Superior de Educação e Ciências Sociais,detcursopi.asp?codc=9254&code=3121,http://maps.google.pt/maps?z=20&t=k&q=loc:39.28958+-7.429967
Turismo,Instituto Politécnico de Viana do Castelo - Escola Superior de Tecnologia e Gestão,detcursopi.asp?codc=9254&code=3163,http://maps.google.pt/maps?z=20&t=k&q=loc:41.69424+-8.846658
Turismo,Instituto Politécnico de Viseu - Escola Superior de Tecnologia e Gestão de Viseu,detcursopi.asp?codc=9254&code=3182,http://maps.google.pt/maps?z=20&t=k&q=loc:40.64449+-7.921137
Turismo,"Universidade do Algarve - Escola Superior de Gestão, Hotelaria e Turismo",detcursopi.asp?codc=9254&code=3082,http://maps.google.pt/maps?z=20&t=k&q=loc:37.02928+-7.923611
Turismo,"Universidade do Algarve - Escola Superior de Gestão, Hotelaria e Turismo (Portimão)",detcursopi.asp?codc=9254&code=3087,http://maps.google.pt/maps?z=20&t=k&q=loc:37.14364+-8.536417
Turismo,Universidade Católica Portuguesa - Faculdade de Filosofia e Ciências Sociais,detcursopi.asp?codc=9254&code=2223,
Turismo,Universidade Europeia,detcursopi.asp?codc=9254&code=4350,http://maps.google.pt/maps?z=20&t=k&q=loc:38.77668+-9.193758
Turismo,Universidade da Maia,detcursopi.asp?codc=9254&code=4630,http://maps.google.pt/maps?z=20&t=k&q=loc:41.26779+-8.617047
Turismo,Universidade Portucalense Infante D. Henrique,detcursopi.asp?codc=9254&code=2500,http://maps.google.pt/maps?z=20&t=k&q=loc:41.18032+-8.605047
Turismo,Escola Superior de Tecnologias de Fafe,detcursopi.asp?codc=9254&code=4115,http://maps.google.pt/maps?z=20&t=k&q=loc:41.46357+-8.153696
Turismo,Instituto Superior de Administração e Gestão,detcursopi.asp?codc=9254&code=4200,http://maps.google.pt/maps?z=20&t=k&q=loc:41.15463+-8.644514
Turismo,Instituto Superior de Administração e Línguas,detcursopi.asp?codc=9254&code=4220,http://maps.google.pt/maps?z=20&t=k&q=loc:32.6557+-16.91028
Turismo,Instituto Superior de Ciências Empresariais e do Turismo,detcursopi.asp?codc=9254&code=4280,http://maps.google.pt/maps?z=20&t=k&q=loc:41.152+-8.617905
Turismo (regime pós-laboral),Instituto Politécnico de Coimbra - Escola Superior de Educação de Coimbra,detcursopi.asp?codc=8114&code=3062,http://maps.google.pt/maps?z=20&t=k&q=loc:40.20522+-8.405957
Turismo e Gestão do Património Cultural,Instituto Politécnico de Tomar - Escola Superior de Gestão de Tomar,detcursopi.asp?codc=L207&code=3241,http://maps.google.pt/maps?z=20&t=k&q=loc:39.59896+-8.389722
Turismo em Espaços Rurais e Naturais,Instituto Politécnico de Coimbra - Escola Superior Agrária de Coimbra,detcursopi.asp?codc=L178&code=3061,http://maps.google.pt/maps?z=20&t=k&q=loc:40.21421+-8.450982
Turismo e Lazer,Instituto Politécnico da Guarda - Escola Superior de Turismo e Hotelaria,detcursopi.asp?codc=9255&code=3095,http://maps.google.pt/maps?z=20&t=k&q=loc:40.42886+-7.703182
"Turismo, Território e Patrimónios",Universidade de Coimbra - Faculdade de Letras,detcursopi.asp?codc=L109&code=0505,http://maps.google.pt/maps?z=20&t=k&q=loc:40.20647+-8.428684
Zootecnia,Instituto Politécnico de Coimbra - Escola Superior Agrária de Coimbra,detcursopi.asp?codc=L003&code=3061,http://maps.google.pt/maps?z=20&t=k&q=loc:40.21421+-8.450982
Zootecnia,Instituto Politécnico de Santarém - Escola Superior Agrária de Santarém,detcursopi.asp?codc=L003&code=3141,http://maps.google.pt/maps?z=20&t=k&q=loc:39.24965+-8.697347
